image_path,true_class,predicted_class,confidence
..\Datasets\kvasir-dataset-v2\normal-cecum\232d682d-1558-41fe-ad27-2056a2347fc8.jpg,normal-cecum,normal-cecum,0.7016
..\Datasets\kvasir-dataset-v2\normal-z-line\73b55daf-3038-4948-a948-0d59252b400d.jpg,normal-z-line,esophagitis,0.6874
..\Datasets\kvasir-dataset-v2\dyed-lifted-polyps\12419dc9-8c4e-4d0a-8817-24cf81338fff.jpg,dyed-lifted-polyps,dyed-lifted-polyps,0.7787
..\Datasets\kvasir-dataset-v2\polyps\e952b0d0-2c6e-455f-a698-a059f445bf1d.jpg,polyps,polyps,0.6282
..\Datasets\kvasir-dataset-v2\normal-cecum\33ef43c7-c279-4d6f-9d87-4148f1e609cc.jpg,normal-cecum,polyps,0.3892
..\Datasets\kvasir-dataset-v2\normal-cecum\400175fe-f25b-4a5c-a35e-a47d86737546.jpg,normal-cecum,normal-cecum,0.5050
..\Datasets\kvasir-dataset-v2\normal-pylorus\3c0cda87-4530-4d04-a58c-fb290ecb0139.jpg,normal-pylorus,normal-pylorus,0.9938
..\Datasets\kvasir-dataset-v2\polyps\d9e2cdc8-53e2-4749-b4d9-748d78de3029.jpg,polyps,polyps,0.9285
..\Datasets\kvasir-dataset-v2\normal-pylorus\e6777cfc-78d7-4a01-a77b-38fd24b10433.jpg,normal-pylorus,normal-pylorus,0.5579
..\Datasets\kvasir-dataset-v2\dyed-lifted-polyps\94931fe6-5ef9-4533-b6b0-fc2f717abd00.jpg,dyed-lifted-polyps,dyed-lifted-polyps,0.9394
..\Datasets\kvasir-dataset-v2\esophagitis\10ac5959-2902-4acf-8412-aad831823c94.jpg,esophagitis,esophagitis,0.7806
..\Datasets\kvasir-dataset-v2\normal-pylorus\ab928323-37ad-463d-b190-1b62594a8730.jpg,normal-pylorus,normal-pylorus,0.6778
..\Datasets\kvasir-dataset-v2\normal-pylorus\be267ab6-af8a-4ee8-8c9b-5b5446f88b03.jpg,normal-pylorus,normal-pylorus,0.9199
..\Datasets\kvasir-dataset-v2\normal-z-line\c26f3d4d-1898-48b4-8e24-1a928f9f2114.jpg,normal-z-line,normal-z-line,0.8419
..\Datasets\kvasir-dataset-v2\normal-pylorus\9f047d37-9506-4c2b-baee-91a23d20e7ba.jpg,normal-pylorus,normal-pylorus,0.9884
..\Datasets\kvasir-dataset-v2\dyed-lifted-polyps\08aad205-0c38-4cf4-ac0b-cbd9181413a9.jpg,dyed-lifted-polyps,dyed-lifted-polyps,0.8795
..\Datasets\kvasir-dataset-v2\normal-pylorus\5cf286f8-9068-4419-9ff3-a0ce0f545031.jpg,normal-pylorus,normal-pylorus,0.8179
..\Datasets\kvasir-dataset-v2\ulcerative-colitis\584f1fa0-9bb9-49d3-b412-c42819d0a200_00000283.jpg,ulcerative-colitis,ulcerative-colitis,0.8835
..\Datasets\kvasir-dataset-v2\normal-pylorus\30a96e35-08ef-4145-8f20-5a23babab16a.jpg,normal-pylorus,normal-pylorus,0.6292
..\Datasets\kvasir-dataset-v2\normal-pylorus\cbdef94d-179c-4fba-8143-10880cff44a6.jpg,normal-pylorus,normal-pylorus,0.9993
..\Datasets\kvasir-dataset-v2\normal-pylorus\ffae4155-b7a7-49d9-9ed3-8904dae9840d.jpg,normal-pylorus,normal-z-line,0.5596
..\Datasets\kvasir-dataset-v2\ulcerative-colitis\2f5bf90d-a5ca-4f65-ad1d-40d79cf798be.jpg,ulcerative-colitis,ulcerative-colitis,0.9833
..\Datasets\kvasir-dataset-v2\dyed-resection-margins\428f3cc6-e84f-4656-967e-77cd6a04d5a5.jpg,dyed-resection-margins,dyed-lifted-polyps,0.4442
..\Datasets\kvasir-dataset-v2\esophagitis\7032e59f-930c-4833-8262-8d0daa3e0e16.jpg,esophagitis,esophagitis,0.5038
..\Datasets\kvasir-dataset-v2\normal-z-line\a1eedacf-c74e-4876-9d98-4286fe70dd79.jpg,normal-z-line,normal-z-line,0.5282
..\Datasets\kvasir-dataset-v2\dyed-resection-margins\e3eb1b61-c4b0-4c4b-905d-f39124161570.jpg,dyed-resection-margins,dyed-resection-margins,0.7785
..\Datasets\kvasir-dataset-v2\dyed-resection-margins\24bf66ac-daa0-4b0a-9b82-2604b59e1fe0.jpg,dyed-resection-margins,dyed-resection-margins,0.9557
..\Datasets\kvasir-dataset-v2\normal-cecum\19611980-f69f-4508-b358-6a828515ac90.jpg,normal-cecum,normal-cecum,0.5930
..\Datasets\kvasir-dataset-v2\normal-cecum\1fbe4f3c-ea79-438b-9d5c-4abfd0681578.jpg,normal-cecum,normal-cecum,0.7894
..\Datasets\kvasir-dataset-v2\dyed-resection-margins\684c9d12-a8b9-4ef1-a86b-6c0490bea656.jpg,dyed-resection-margins,dyed-resection-margins,0.8419
..\Datasets\kvasir-dataset-v2\dyed-resection-margins\77ec103c-6441-400e-be56-8b93bc766160.jpg,dyed-resection-margins,dyed-lifted-polyps,0.3831
..\Datasets\kvasir-dataset-v2\esophagitis\50e02337-77aa-4a33-97de-08738a933467.jpg,esophagitis,esophagitis,0.7408
..\Datasets\kvasir-dataset-v2\polyps\a57cb5aa-ee9c-4bdd-8c74-4f53d8de4682.jpg,polyps,polyps,0.8961
..\Datasets\kvasir-dataset-v2\normal-z-line\6801865b-634d-49a6-a8a1-4cdee5984a1c.jpg,normal-z-line,normal-z-line,0.5042
..\Datasets\kvasir-dataset-v2\dyed-lifted-polyps\215510ba-4d05-4a3d-ba4a-c444a949d3a3.jpg,dyed-lifted-polyps,polyps,0.5369
..\Datasets\kvasir-dataset-v2\polyps\7184ddd7-6c5d-42bf-9ce4-2532dad68c72.jpg,polyps,polyps,0.8370
..\Datasets\kvasir-dataset-v2\esophagitis\5e84a5b6-b753-4aa2-a853-0d72e54aa3c4.jpg,esophagitis,esophagitis,0.4116
..\Datasets\kvasir-dataset-v2\ulcerative-colitis\c801eb98-6af7-4a43-b23c-0351cffaca3b_00000237.jpg,ulcerative-colitis,ulcerative-colitis,0.5834
..\Datasets\kvasir-dataset-v2\dyed-resection-margins\6cc19876-fe6f-4496-ab13-614b0e281b6a.jpg,dyed-resection-margins,dyed-resection-margins,0.9653
..\Datasets\kvasir-dataset-v2\dyed-lifted-polyps\da922bb5-49a6-4a05-8862-5026b977c131.jpg,dyed-lifted-polyps,normal-cecum,0.3677
..\Datasets\kvasir-dataset-v2\normal-z-line\2ce7db9a-f3f9-4e67-92fc-5653a9774b05.jpg,normal-z-line,normal-z-line,0.8136
..\Datasets\kvasir-dataset-v2\normal-z-line\0f4b0a08-4900-4937-b8e8-557c6d518d85.jpg,normal-z-line,esophagitis,0.4757
..\Datasets\kvasir-dataset-v2\normal-z-line\dd2169cb-7206-4dc3-b7ad-6c09cc40b299.jpg,normal-z-line,normal-z-line,0.8622
..\Datasets\kvasir-dataset-v2\dyed-lifted-polyps\ba255dac-37fc-4592-a510-b45cd4b3e352.jpg,dyed-lifted-polyps,dyed-lifted-polyps,0.7279
..\Datasets\kvasir-dataset-v2\ulcerative-colitis\ef4d8be3-3e3c-435b-82ab-a52126b7dfc0.jpg,ulcerative-colitis,ulcerative-colitis,0.6873
..\Datasets\kvasir-dataset-v2\esophagitis\9a0d45e1-cbf9-4878-b34f-833c57d8cf09.jpg,esophagitis,esophagitis,0.6649
..\Datasets\kvasir-dataset-v2\esophagitis\c7dc87ed-9548-4422-8841-40f6a6fc8dd1.jpg,esophagitis,esophagitis,0.6050
..\Datasets\kvasir-dataset-v2\normal-pylorus\d577afc0-45c4-4c61-a68d-5e61ca8e9e61.jpg,normal-pylorus,normal-pylorus,0.9561
..\Datasets\kvasir-dataset-v2\normal-pylorus\8baeccb9-1f39-47cc-89aa-c860864ef7fc.jpg,normal-pylorus,normal-z-line,0.6360
..\Datasets\kvasir-dataset-v2\normal-pylorus\ef7d9924-690e-4ffb-852c-97eb1b4e11d0.jpg,normal-pylorus,normal-pylorus,0.7487
..\Datasets\kvasir-dataset-v2\esophagitis\3ef58f64-0c9c-4985-8641-0db885028d9f.jpg,esophagitis,esophagitis,0.5724
..\Datasets\kvasir-dataset-v2\dyed-resection-margins\286b0be4-fe14-470a-9091-3418c2bf2b39.jpg,dyed-resection-margins,dyed-lifted-polyps,0.5684
..\Datasets\kvasir-dataset-v2\ulcerative-colitis\c3743176-9eac-43e3-8551-f4f74422de5a.jpg,ulcerative-colitis,ulcerative-colitis,0.8146
..\Datasets\kvasir-dataset-v2\dyed-lifted-polyps\e6c793fe-0e40-4597-87b5-d9733cbaf3de.jpg,dyed-lifted-polyps,dyed-lifted-polyps,0.9322
..\Datasets\kvasir-dataset-v2\polyps\4513304a-cebd-4ac9-942e-22b2b02f01e1.jpg,polyps,polyps,0.7618
..\Datasets\kvasir-dataset-v2\normal-z-line\d9638c47-323b-497f-a0d3-1abd2133e9ca.jpg,normal-z-line,normal-z-line,0.3826
..\Datasets\kvasir-dataset-v2\normal-cecum\4e274b65-e8ff-4f06-99f5-68ed05858532.jpg,normal-cecum,normal-cecum,0.9948
..\Datasets\kvasir-dataset-v2\normal-z-line\4a7a8484-a33d-4663-9cdc-744056ee12a2.jpg,normal-z-line,normal-z-line,0.9961
..\Datasets\kvasir-dataset-v2\normal-cecum\806b485d-f403-4eab-b405-14d19bd9665e.jpg,normal-cecum,normal-cecum,0.3347
..\Datasets\kvasir-dataset-v2\normal-z-line\2079170b-ac50-4424-aa90-dfc390917151.jpg,normal-z-line,normal-z-line,0.7714
..\Datasets\kvasir-dataset-v2\ulcerative-colitis\eb1dd07c-7ecd-4f7c-a780-8a4596adf998.jpg,ulcerative-colitis,ulcerative-colitis,0.8892
..\Datasets\kvasir-dataset-v2\dyed-resection-margins\c103fa73-8029-4df7-a7bb-dd8fee19d193.jpg,dyed-resection-margins,dyed-resection-margins,0.8645
..\Datasets\kvasir-dataset-v2\ulcerative-colitis\373da343-d708-4169-9db0-9c30d7463bc3.jpg,ulcerative-colitis,ulcerative-colitis,0.8778
..\Datasets\kvasir-dataset-v2\normal-cecum\5685143f-b2d3-46de-92fe-5e2d59b933b6.jpg,normal-cecum,normal-cecum,0.7325
..\Datasets\kvasir-dataset-v2\normal-pylorus\eb06c610-d965-41e7-8ab2-743eaef10259.jpg,normal-pylorus,normal-pylorus,0.9657
..\Datasets\kvasir-dataset-v2\polyps\2ca1039b-7ba8-4df2-8421-45730a0127d0.jpg,polyps,polyps,0.6150
..\Datasets\kvasir-dataset-v2\polyps\a0658788-e7f9-4352-9cf7-116ac9ae472b.jpg,polyps,polyps,0.6106
..\Datasets\kvasir-dataset-v2\polyps\82863113-b97e-4282-909e-4ce75372c912.jpg,polyps,polyps,0.5324
..\Datasets\kvasir-dataset-v2\dyed-lifted-polyps\59c6e1d9-2eef-406d-bd1e-65aa59ded4a8.jpg,dyed-lifted-polyps,dyed-lifted-polyps,0.9308
..\Datasets\kvasir-dataset-v2\ulcerative-colitis\b3f693f5-9001-41c1-95b9-6f8bbffec3d6.jpg,ulcerative-colitis,ulcerative-colitis,0.8739
..\Datasets\kvasir-dataset-v2\dyed-resection-margins\b564e4c4-9644-4ced-a16d-41a1a7f2f404.jpg,dyed-resection-margins,dyed-resection-margins,0.8493
..\Datasets\kvasir-dataset-v2\ulcerative-colitis\023c18dc-b0fb-47d2-8f80-1eef4dec876e.jpg,ulcerative-colitis,ulcerative-colitis,0.7581
..\Datasets\kvasir-dataset-v2\ulcerative-colitis\b12a8fc9-fa77-46ca-b2bf-a39b48bd6416.jpg,ulcerative-colitis,ulcerative-colitis,0.9557
..\Datasets\kvasir-dataset-v2\esophagitis\31bf71d3-745e-417f-a1a4-0b122d34d25b.jpg,esophagitis,esophagitis,0.6227
..\Datasets\kvasir-dataset-v2\ulcerative-colitis\5535dbed-1db3-42d2-ac7f-2161a5718eab.jpg,ulcerative-colitis,ulcerative-colitis,0.9452
..\Datasets\kvasir-dataset-v2\polyps\4c46b695-9eea-48cc-b642-ef0beca90de9.jpg,polyps,polyps,0.3794
..\Datasets\kvasir-dataset-v2\polyps\7e2adc03-33bc-48c1-b9d7-56c416dac34d.jpg,polyps,polyps,0.6362
..\Datasets\kvasir-dataset-v2\normal-cecum\eaf6e7bc-6573-4b7f-b263-ffe335923384.jpg,normal-cecum,dyed-lifted-polyps,0.3133
..\Datasets\kvasir-dataset-v2\dyed-resection-margins\3899a73d-f7cd-4ea8-b643-e189bf94f6fb.jpg,dyed-resection-margins,dyed-lifted-polyps,0.5139
..\Datasets\kvasir-dataset-v2\ulcerative-colitis\75aeefe5-b75f-41af-a1a6-ced41899e555.jpg,ulcerative-colitis,esophagitis,0.5282
..\Datasets\kvasir-dataset-v2\normal-z-line\ca0edd55-864f-44b1-ab2d-be4dac64633a.jpg,normal-z-line,normal-z-line,0.7649
..\Datasets\kvasir-dataset-v2\ulcerative-colitis\ace58e15-65f0-4248-9b84-46e2e739c4ff.jpg,ulcerative-colitis,ulcerative-colitis,0.7874
..\Datasets\kvasir-dataset-v2\polyps\a2e1b8ec-f20c-4683-8389-d412acd779d1.jpg,polyps,dyed-lifted-polyps,0.2384
..\Datasets\kvasir-dataset-v2\dyed-resection-margins\b24787c0-f886-4b4d-b318-155d45cf805e.jpg,dyed-resection-margins,dyed-resection-margins,0.7545
..\Datasets\kvasir-dataset-v2\normal-z-line\391aa9af-07ae-4ae3-8a6c-ddf967145603.jpg,normal-z-line,normal-z-line,0.8556
..\Datasets\kvasir-dataset-v2\dyed-lifted-polyps\4f712873-051a-418e-8cbd-8bf1f5f4ae23.jpg,dyed-lifted-polyps,dyed-lifted-polyps,0.7082
..\Datasets\kvasir-dataset-v2\normal-pylorus\5adef5ea-f92c-426f-8706-bda65c046408.jpg,normal-pylorus,normal-pylorus,0.7866
..\Datasets\kvasir-dataset-v2\normal-cecum\8b45574a-3d8a-4ecb-a491-2d226bd0e02e.jpg,normal-cecum,polyps,0.2525
..\Datasets\kvasir-dataset-v2\ulcerative-colitis\584f1fa0-9bb9-49d3-b412-c42819d0a200_00003006.jpg,ulcerative-colitis,ulcerative-colitis,0.9121
..\Datasets\kvasir-dataset-v2\normal-z-line\0b55fa7f-8271-4c50-8df4-6d228336a21b.jpg,normal-z-line,normal-z-line,0.5630
..\Datasets\kvasir-dataset-v2\normal-cecum\dc16146a-cdc9-4ba1-8b12-429e34cf3455.jpg,normal-cecum,normal-cecum,0.9445
..\Datasets\kvasir-dataset-v2\dyed-resection-margins\5a361785-c9eb-4c87-86a5-b37299562d3c.jpg,dyed-resection-margins,dyed-resection-margins,0.9683
..\Datasets\kvasir-dataset-v2\dyed-lifted-polyps\df4164ae-a340-4288-8316-5de3130be70a.jpg,dyed-lifted-polyps,dyed-lifted-polyps,0.6889
..\Datasets\kvasir-dataset-v2\polyps\c51bba08-6e1c-4ddb-95b1-f4552f31abb0.jpg,polyps,polyps,0.4857
..\Datasets\kvasir-dataset-v2\normal-pylorus\726b2697-2b10-4e67-b357-4d8f3d155413.jpg,normal-pylorus,normal-pylorus,0.9894
..\Datasets\kvasir-dataset-v2\normal-cecum\27ac6ea2-9a5a-407b-b67b-bac79acadfdf.jpg,normal-cecum,normal-cecum,0.6172
..\Datasets\kvasir-dataset-v2\esophagitis\3662a9bc-b209-432b-9ab4-ca8ccd540b7c.jpg,esophagitis,esophagitis,0.6748
..\Datasets\kvasir-dataset-v2\normal-z-line\85403388-8a46-4f52-8fc7-707fe16bb707.jpg,normal-z-line,esophagitis,0.4909
..\Datasets\kvasir-dataset-v2\normal-cecum\7b3622e1-36c5-4d70-8742-3c14c7936f26.jpg,normal-cecum,normal-cecum,0.7166
..\Datasets\kvasir-dataset-v2\polyps\e4c487d7-16d1-4fde-9951-9456e54fe5d3.jpg,polyps,polyps,0.3474
..\Datasets\kvasir-dataset-v2\normal-pylorus\6a29cdc4-aeae-4ff2-ac62-c5c2a86661f4.jpg,normal-pylorus,normal-pylorus,0.9032
..\Datasets\kvasir-dataset-v2\normal-cecum\7714ccab-d269-4ffa-b40d-7125f056e3f7.jpg,normal-cecum,normal-cecum,0.3764
..\Datasets\kvasir-dataset-v2\dyed-resection-margins\4c698444-ba84-411b-b7f5-031692a275ba.jpg,dyed-resection-margins,dyed-resection-margins,0.9111
..\Datasets\kvasir-dataset-v2\dyed-lifted-polyps\3d266fb8-1d98-4e93-afd8-d339f4ad57bf.jpg,dyed-lifted-polyps,dyed-lifted-polyps,0.5942
..\Datasets\kvasir-dataset-v2\polyps\9a48d2e8-12a5-43d6-b20f-1dc7852b4443.jpg,polyps,polyps,0.8599
..\Datasets\kvasir-dataset-v2\dyed-lifted-polyps\5d333af6-4ba9-4c66-bfb3-87ecd380edcc.jpg,dyed-lifted-polyps,dyed-lifted-polyps,0.6207
..\Datasets\kvasir-dataset-v2\esophagitis\25a88ded-9f6c-46df-af8e-22ff202467f6.jpg,esophagitis,esophagitis,0.7858
..\Datasets\kvasir-dataset-v2\dyed-lifted-polyps\83a8a16b-e221-41d0-a0a9-3fe25025ecbf.jpg,dyed-lifted-polyps,dyed-lifted-polyps,0.8996
..\Datasets\kvasir-dataset-v2\dyed-resection-margins\dd5e6c27-c680-44ef-a29f-2421d567bd17.jpg,dyed-resection-margins,dyed-resection-margins,0.9070
..\Datasets\kvasir-dataset-v2\normal-cecum\25aad374-6e0b-4902-a25f-15923f3b3f40.jpg,normal-cecum,normal-cecum,0.9964
..\Datasets\kvasir-dataset-v2\polyps\1f233ecd-9e93-4bbd-a2ad-0cffc9bba42f.jpg,polyps,polyps,0.4339
..\Datasets\kvasir-dataset-v2\normal-pylorus\8640a327-7c4d-4cb6-90a2-194577d0201e.jpg,normal-pylorus,normal-pylorus,0.8945
..\Datasets\kvasir-dataset-v2\normal-pylorus\c371e58e-11b1-4769-b45f-7eb77468d729.jpg,normal-pylorus,normal-cecum,0.3216
..\Datasets\kvasir-dataset-v2\normal-pylorus\ca71fbd9-3fd9-4634-a87f-0d38e29aa7de.jpg,normal-pylorus,normal-pylorus,0.9996
..\Datasets\kvasir-dataset-v2\dyed-resection-margins\7b578e0d-2335-44e5-abea-4248367a6ecd.jpg,dyed-resection-margins,dyed-resection-margins,0.9519
..\Datasets\kvasir-dataset-v2\dyed-resection-margins\1a71d876-4221-49a9-beaf-d4c04ce6efa0.jpg,dyed-resection-margins,polyps,0.3798
..\Datasets\kvasir-dataset-v2\polyps\9aef9b45-96a5-4ab2-9aa2-955bc2814ddd.jpg,polyps,polyps,0.8641
..\Datasets\kvasir-dataset-v2\esophagitis\5fa663c3-4622-4230-a4d5-53c712c9bb70.jpg,esophagitis,esophagitis,0.7203
..\Datasets\kvasir-dataset-v2\dyed-resection-margins\872732c4-51f0-4f4d-9eef-056066596698.jpg,dyed-resection-margins,dyed-lifted-polyps,0.9363
..\Datasets\kvasir-dataset-v2\ulcerative-colitis\01bf0602-b49e-4a1c-a54c-ac132a52233d.jpg,ulcerative-colitis,ulcerative-colitis,0.6572
..\Datasets\kvasir-dataset-v2\normal-pylorus\6f8f711d-b3d5-405d-9a83-141b6a4d6f16.jpg,normal-pylorus,normal-pylorus,0.9647
..\Datasets\kvasir-dataset-v2\normal-cecum\b073f1b6-0f6c-41da-8bae-dc3449d0e83c.jpg,normal-cecum,normal-cecum,0.9003
..\Datasets\kvasir-dataset-v2\esophagitis\33dfcf44-a3c1-47a5-86cd-fa0194546d07.jpg,esophagitis,esophagitis,0.9215
..\Datasets\kvasir-dataset-v2\esophagitis\2de6cb74-dc87-4e79-9ca6-c7b7ad6ed0f9.jpg,esophagitis,esophagitis,0.7947
..\Datasets\kvasir-dataset-v2\esophagitis\1faa0b38-43a0-4abd-8585-35c2d160f97e.jpg,esophagitis,esophagitis,0.7818
..\Datasets\kvasir-dataset-v2\polyps\0fa8810f-f91f-4434-931b-458eabe9543e.jpg,polyps,polyps,0.7925
..\Datasets\kvasir-dataset-v2\polyps\1386f979-e92a-4a35-889e-abae0fd582ea.jpg,polyps,polyps,0.8095
..\Datasets\kvasir-dataset-v2\esophagitis\fcf9d17b-11d3-4cf5-b9a9-148492c66a00.jpg,esophagitis,esophagitis,0.4485
..\Datasets\kvasir-dataset-v2\normal-z-line\2a466171-bebc-41f3-93dc-4b5731282874.jpg,normal-z-line,normal-z-line,0.5019
..\Datasets\kvasir-dataset-v2\polyps\6817c53e-0e2c-45fb-a75f-c2aa755c5801.jpg,polyps,polyps,0.5620
..\Datasets\kvasir-dataset-v2\normal-cecum\a786572d-f928-4f27-9c98-4e99d894f832.jpg,normal-cecum,normal-cecum,0.4734
..\Datasets\kvasir-dataset-v2\esophagitis\dc2729b0-75ef-4242-b1ef-3dc4948fa801.jpg,esophagitis,normal-z-line,0.7280
..\Datasets\kvasir-dataset-v2\dyed-resection-margins\03b3deb8-a003-4098-8902-1ba15e6ae3c0.jpg,dyed-resection-margins,dyed-resection-margins,0.8254
..\Datasets\kvasir-dataset-v2\normal-pylorus\fcc3f1f2-0111-40b1-922c-1b2c872967d0.jpg,normal-pylorus,normal-pylorus,0.9872
..\Datasets\kvasir-dataset-v2\normal-pylorus\5c02f74e-0e88-4335-869c-0f70b2918c85.jpg,normal-pylorus,normal-pylorus,0.9903
..\Datasets\kvasir-dataset-v2\normal-pylorus\0cc7830e-ca0d-46d4-91f1-672f35471f2a.jpg,normal-pylorus,normal-pylorus,0.8627
..\Datasets\kvasir-dataset-v2\normal-pylorus\a36833af-9c4c-4b6c-9208-b88154cccccb.jpg,normal-pylorus,normal-pylorus,0.5072
..\Datasets\kvasir-dataset-v2\esophagitis\a63915df-cfb1-47f4-94d8-4ffd3f1c3d06.jpg,esophagitis,esophagitis,0.8489
..\Datasets\kvasir-dataset-v2\dyed-lifted-polyps\df52c670-9c01-4686-8601-cf41aef522f2.jpg,dyed-lifted-polyps,dyed-lifted-polyps,0.7247
..\Datasets\kvasir-dataset-v2\polyps\880a055c-abf8-4f92-a0cd-6ab517488da4.jpg,polyps,polyps,0.9796
..\Datasets\kvasir-dataset-v2\normal-z-line\dd6df2cc-4085-4e5d-ae33-f4bf260910b0.jpg,normal-z-line,esophagitis,0.6071
..\Datasets\kvasir-dataset-v2\normal-cecum\10925f14-b175-41a3-ad2d-b61b9ce7a813.jpg,normal-cecum,normal-cecum,0.9580
..\Datasets\kvasir-dataset-v2\normal-pylorus\0668ef5b-b6d7-4ea0-a753-19fb8fb35403.jpg,normal-pylorus,normal-pylorus,0.9747
..\Datasets\kvasir-dataset-v2\esophagitis\e57ff35a-cc15-40df-b394-7a15c46796de.jpg,esophagitis,esophagitis,0.7326
..\Datasets\kvasir-dataset-v2\normal-pylorus\9b926dac-c1fb-4d1a-ab02-159f556332b8.jpg,normal-pylorus,normal-pylorus,0.9997
..\Datasets\kvasir-dataset-v2\normal-cecum\626df11e-5f60-4f52-a2e4-3baecdfa792d.jpg,normal-cecum,normal-cecum,0.8354
..\Datasets\kvasir-dataset-v2\normal-cecum\a35c3092-2eb7-4669-8794-3c68764a764e.jpg,normal-cecum,normal-cecum,0.8550
..\Datasets\kvasir-dataset-v2\normal-cecum\30d4d435-cce4-4788-a544-948a8c98cd5f.jpg,normal-cecum,normal-cecum,0.9432
..\Datasets\kvasir-dataset-v2\dyed-lifted-polyps\ef1d6949-00f1-4813-ac28-7dcb5729644e.jpg,dyed-lifted-polyps,dyed-resection-margins,0.5501
..\Datasets\kvasir-dataset-v2\normal-cecum\01e023db-5c76-4c28-91ab-06e36cd31495.jpg,normal-cecum,normal-cecum,0.9168
..\Datasets\kvasir-dataset-v2\esophagitis\cea07eb4-5e39-43cf-b1c1-c1c77cd2acad.jpg,esophagitis,normal-z-line,0.6598
..\Datasets\kvasir-dataset-v2\normal-cecum\faea4286-b72e-4539-8c8f-1cdda005ce25.jpg,normal-cecum,normal-cecum,0.6625
..\Datasets\kvasir-dataset-v2\normal-pylorus\5f01c7bb-cb96-47ec-bb6f-95bbaaf6592b.jpg,normal-pylorus,normal-pylorus,0.9640
..\Datasets\kvasir-dataset-v2\normal-pylorus\5c1e245c-c69e-42e5-a5b3-fcfba78b667f.jpg,normal-pylorus,esophagitis,0.4805
..\Datasets\kvasir-dataset-v2\dyed-resection-margins\3a01ac6e-a859-44fd-9858-4281ed868f74.jpg,dyed-resection-margins,dyed-resection-margins,0.8059
..\Datasets\kvasir-dataset-v2\esophagitis\57deb95e-ac17-41d1-b990-cffd781a0c9d.jpg,esophagitis,esophagitis,0.5496
..\Datasets\kvasir-dataset-v2\dyed-resection-margins\517b577c-974d-492a-840b-46cf50fc4e4f.jpg,dyed-resection-margins,dyed-lifted-polyps,0.5427
..\Datasets\kvasir-dataset-v2\normal-z-line\c92245ac-0bc4-4b48-90ba-d5e30181516d.jpg,normal-z-line,normal-z-line,0.8824
..\Datasets\kvasir-dataset-v2\esophagitis\e6126516-9aa3-4283-88f0-ae9365229196.jpg,esophagitis,esophagitis,0.8841
..\Datasets\kvasir-dataset-v2\dyed-lifted-polyps\53a543e6-f564-4337-8555-db42abe02c84.jpg,dyed-lifted-polyps,normal-pylorus,0.4805
..\Datasets\kvasir-dataset-v2\normal-cecum\ead9c47b-cd35-4a1b-82d4-ab5602af8d02.jpg,normal-cecum,normal-cecum,0.7478
..\Datasets\kvasir-dataset-v2\esophagitis\6a75085a-a068-4770-89ff-6d2376ab35b9.jpg,esophagitis,normal-z-line,0.5877
..\Datasets\kvasir-dataset-v2\normal-cecum\a9d8b5a4-8a9b-47e7-ad10-01e52e351216.jpg,normal-cecum,normal-cecum,0.9328
..\Datasets\kvasir-dataset-v2\normal-z-line\7516d6a7-19f1-4adb-bebb-e76fba2fa020.jpg,normal-z-line,esophagitis,0.5417
..\Datasets\kvasir-dataset-v2\normal-cecum\2522f32b-d8e1-4821-83d4-40b66d4dfc79.jpg,normal-cecum,normal-cecum,0.9533
..\Datasets\kvasir-dataset-v2\ulcerative-colitis\08a9724d-7432-4040-a095-6a20afed6fb9.jpg,ulcerative-colitis,ulcerative-colitis,0.8272
..\Datasets\kvasir-dataset-v2\esophagitis\34905760-cbf1-454d-beae-51e44bf162d2.jpg,esophagitis,normal-z-line,0.6098
..\Datasets\kvasir-dataset-v2\normal-pylorus\0b59508a-be33-4c29-841b-42cd1712e01e.jpg,normal-pylorus,normal-pylorus,0.9904
..\Datasets\kvasir-dataset-v2\dyed-lifted-polyps\a84656a5-26ab-4c2f-ba45-2854bc9017d8.jpg,dyed-lifted-polyps,dyed-lifted-polyps,0.6602
..\Datasets\kvasir-dataset-v2\dyed-resection-margins\fe5bca10-cbfc-4f15-9676-ca3ade2aa997.jpg,dyed-resection-margins,dyed-lifted-polyps,0.6115
..\Datasets\kvasir-dataset-v2\normal-z-line\ab7a446f-9a1b-4f13-9b11-dd6716e27d03.jpg,normal-z-line,normal-z-line,0.4811
..\Datasets\kvasir-dataset-v2\normal-z-line\0914b83b-72ff-4a5e-a987-d2466ae576d8.jpg,normal-z-line,normal-z-line,0.8626
..\Datasets\kvasir-dataset-v2\ulcerative-colitis\34f35995-0455-4378-b4b5-896ca0adc346.jpg,ulcerative-colitis,ulcerative-colitis,0.3943
..\Datasets\kvasir-dataset-v2\esophagitis\7535a7df-e754-4686-a2b6-98d1dd60dc1e.jpg,esophagitis,normal-z-line,0.8545
..\Datasets\kvasir-dataset-v2\normal-z-line\9491aefb-f2b6-490f-9ee2-2c35e0e4adce.jpg,normal-z-line,esophagitis,0.8375
..\Datasets\kvasir-dataset-v2\dyed-lifted-polyps\6953a4c5-9be7-48e8-a396-77c55e274ff1.jpg,dyed-lifted-polyps,dyed-lifted-polyps,0.9832
..\Datasets\kvasir-dataset-v2\polyps\36a11ddf-bd15-499f-957c-0e7e37df2653.jpg,polyps,polyps,0.6932
..\Datasets\kvasir-dataset-v2\dyed-resection-margins\7d5cea75-5975-46f5-8a3e-a25a6f3497be.jpg,dyed-resection-margins,dyed-lifted-polyps,0.6036
..\Datasets\kvasir-dataset-v2\dyed-resection-margins\196c69a0-653b-4bc8-8341-a53c43dbada5.jpg,dyed-resection-margins,dyed-resection-margins,0.9622
..\Datasets\kvasir-dataset-v2\normal-z-line\e0d2a761-d1c9-4a53-b25b-61a066773c8e.jpg,normal-z-line,normal-z-line,0.6243
..\Datasets\kvasir-dataset-v2\normal-cecum\a35d5055-c8ba-48c2-b825-065d122e8d6b.jpg,normal-cecum,normal-cecum,0.4500
..\Datasets\kvasir-dataset-v2\polyps\61f1c0fe-c4df-448d-a2c9-4aaccf82458c.jpg,polyps,polyps,0.7650
..\Datasets\kvasir-dataset-v2\polyps\28f46490-842b-493d-95e0-3b67f6eded9d.jpg,polyps,polyps,0.8375
..\Datasets\kvasir-dataset-v2\dyed-lifted-polyps\d5f4c946-107f-47f3-a704-bd97ad57310a.jpg,dyed-lifted-polyps,dyed-lifted-polyps,0.7598
..\Datasets\kvasir-dataset-v2\polyps\69cebf1d-eb44-4d5a-9d18-2c5b4205267e.jpg,polyps,polyps,0.7497
..\Datasets\kvasir-dataset-v2\dyed-resection-margins\449b8449-e329-4c7f-8de0-fc9606c211e3.jpg,dyed-resection-margins,dyed-resection-margins,0.8976
..\Datasets\kvasir-dataset-v2\polyps\21d65ef7-558f-4e0e-a77c-74e863cd672e.jpg,polyps,polyps,0.6539
..\Datasets\kvasir-dataset-v2\ulcerative-colitis\698f130b-41ff-414d-908c-8d8c0f82d4a8_00000845.jpg,ulcerative-colitis,ulcerative-colitis,0.6348
..\Datasets\kvasir-dataset-v2\normal-cecum\2eabcf3e-63b0-423d-926f-209f0af06be9.jpg,normal-cecum,normal-cecum,0.9526
..\Datasets\kvasir-dataset-v2\polyps\19fc878a-905c-4c42-9760-e0c39d728d16.jpg,polyps,polyps,0.3381
..\Datasets\kvasir-dataset-v2\dyed-lifted-polyps\ddb8797e-1241-43f7-9dfe-ffb502af9277.jpg,dyed-lifted-polyps,dyed-resection-margins,0.8344
..\Datasets\kvasir-dataset-v2\normal-cecum\b2f78f3a-8216-4f9e-8412-545fcb4900c1.jpg,normal-cecum,normal-cecum,0.8395
..\Datasets\kvasir-dataset-v2\ulcerative-colitis\85f31fdd-4320-4d40-908a-e2d269247d60.jpg,ulcerative-colitis,ulcerative-colitis,0.9337
..\Datasets\kvasir-dataset-v2\polyps\ec06080b-a2a0-40d3-97f7-313297ef8adb.jpg,polyps,polyps,0.9178
..\Datasets\kvasir-dataset-v2\normal-pylorus\dba5c76e-3d02-4b36-821d-6e8484f754fe.jpg,normal-pylorus,normal-pylorus,0.9817
..\Datasets\kvasir-dataset-v2\normal-pylorus\e523d9dd-b945-4f1a-819d-b56eccd567b7.jpg,normal-pylorus,normal-pylorus,0.8117
..\Datasets\kvasir-dataset-v2\normal-z-line\b218f19c-60f8-4f3e-a273-babddaad4823.jpg,normal-z-line,normal-z-line,0.9292
..\Datasets\kvasir-dataset-v2\ulcerative-colitis\54467ef9-09f5-43f7-a10d-15f112136d5d.jpg,ulcerative-colitis,ulcerative-colitis,0.8343
..\Datasets\kvasir-dataset-v2\dyed-resection-margins\1f25c7ed-1207-4a5d-9dc2-5e621950fdaf.jpg,dyed-resection-margins,dyed-resection-margins,0.6665
..\Datasets\kvasir-dataset-v2\dyed-resection-margins\938ea038-fd7d-483e-8f98-97fa9529c4a1.jpg,dyed-resection-margins,dyed-lifted-polyps,0.5618
..\Datasets\kvasir-dataset-v2\normal-z-line\e52ed217-39da-4c88-a0f1-e96c8d7d7c95.jpg,normal-z-line,normal-z-line,0.8941
..\Datasets\kvasir-dataset-v2\ulcerative-colitis\3bed4fc1-8e43-436c-a90b-342345c76e80.jpg,ulcerative-colitis,ulcerative-colitis,0.9911
..\Datasets\kvasir-dataset-v2\normal-cecum\b80cebf5-9057-495d-b2b2-668fa9b2a16b.jpg,normal-cecum,normal-cecum,0.5733
..\Datasets\kvasir-dataset-v2\dyed-resection-margins\f893e21c-7bf4-4070-a698-e439d5c87d47.jpg,dyed-resection-margins,dyed-resection-margins,0.7941
..\Datasets\kvasir-dataset-v2\dyed-resection-margins\43e914f2-bfe9-4054-9c37-179d5c06a8c0.jpg,dyed-resection-margins,dyed-lifted-polyps,0.4595
..\Datasets\kvasir-dataset-v2\polyps\2e051af9-bcd6-4d30-863a-16e9c4830587.jpg,polyps,polyps,0.7132
..\Datasets\kvasir-dataset-v2\dyed-resection-margins\7b955e96-55f2-436e-83e1-5f11ab9a947d.jpg,dyed-resection-margins,dyed-resection-margins,0.4977
..\Datasets\kvasir-dataset-v2\ulcerative-colitis\61e52f7b-9490-4cc4-8a1a-9bccb38d5db2.jpg,ulcerative-colitis,ulcerative-colitis,0.4886
..\Datasets\kvasir-dataset-v2\dyed-resection-margins\2b316b68-38b5-4023-a1fd-f4a1a657be97.jpg,dyed-resection-margins,dyed-resection-margins,0.6371
..\Datasets\kvasir-dataset-v2\esophagitis\73832d8a-2661-4f93-a660-ec306800dbbe.jpg,esophagitis,esophagitis,0.8914
..\Datasets\kvasir-dataset-v2\normal-pylorus\7b46e07b-1b32-4db2-a38c-192b904f5bb9.jpg,normal-pylorus,normal-pylorus,0.9333
..\Datasets\kvasir-dataset-v2\dyed-resection-margins\12a93a57-46d0-4bdb-a294-6a31d92d2de8.jpg,dyed-resection-margins,dyed-lifted-polyps,0.4159
..\Datasets\kvasir-dataset-v2\normal-z-line\e9766297-ab24-46a5-a649-4bd568c78ef7.jpg,normal-z-line,normal-z-line,0.5724
..\Datasets\kvasir-dataset-v2\ulcerative-colitis\70f6a540-1e23-41e3-87a9-cccf8637bb28.jpg,ulcerative-colitis,ulcerative-colitis,0.5463
..\Datasets\kvasir-dataset-v2\dyed-lifted-polyps\07270b1b-84de-40d2-bbff-698bf3b91512.jpg,dyed-lifted-polyps,dyed-lifted-polyps,0.8630
..\Datasets\kvasir-dataset-v2\normal-pylorus\69fa83d8-1618-4390-b4fb-bd97e94cae89.jpg,normal-pylorus,normal-pylorus,0.9874
..\Datasets\kvasir-dataset-v2\normal-pylorus\c0eccbdd-2378-44d3-ae8d-a70a3d77c198.jpg,normal-pylorus,normal-pylorus,0.7825
..\Datasets\kvasir-dataset-v2\dyed-resection-margins\1fb32d40-d263-494a-ac39-e013248b4f2d.jpg,dyed-resection-margins,dyed-resection-margins,0.7515
..\Datasets\kvasir-dataset-v2\ulcerative-colitis\8614282e-cc6e-4eaa-9951-53ae9d212ea0.jpg,ulcerative-colitis,ulcerative-colitis,0.9790
..\Datasets\kvasir-dataset-v2\normal-pylorus\3424a369-a7a7-4470-8b84-e197e9004bbd.jpg,normal-pylorus,normal-pylorus,0.6941
..\Datasets\kvasir-dataset-v2\normal-cecum\1d41b7d6-48a9-49c8-9130-55e448ac46a8.jpg,normal-cecum,normal-cecum,0.9273
..\Datasets\kvasir-dataset-v2\polyps\ae4323eb-7c93-4b2f-9ac1-4f1a63a416a8.jpg,polyps,polyps,0.4244
..\Datasets\kvasir-dataset-v2\dyed-resection-margins\3dede605-6d8d-433f-9849-72dab9c97ffe.jpg,dyed-resection-margins,dyed-resection-margins,0.9750
..\Datasets\kvasir-dataset-v2\normal-z-line\a7c00d33-c66b-45ef-8920-1b341c12398b.jpg,normal-z-line,normal-z-line,0.9233
..\Datasets\kvasir-dataset-v2\polyps\c5857980-577d-40df-9049-a36a3838b585.jpg,polyps,ulcerative-colitis,0.4792
..\Datasets\kvasir-dataset-v2\polyps\8c0e242d-093b-481b-975a-b6451e9d9a41.jpg,polyps,polyps,0.4936
..\Datasets\kvasir-dataset-v2\esophagitis\18373b9c-6ba7-40d9-85be-3eef546664e6.jpg,esophagitis,normal-z-line,0.5902
..\Datasets\kvasir-dataset-v2\dyed-resection-margins\7968c7cf-8dd3-460e-89e0-91999a257aed.jpg,dyed-resection-margins,dyed-lifted-polyps,0.6646
..\Datasets\kvasir-dataset-v2\polyps\d5d5e9fa-5c0f-4684-a48d-4085b4a38aa2.jpg,polyps,polyps,0.9216
..\Datasets\kvasir-dataset-v2\ulcerative-colitis\fc79c489-b358-4368-b965-330615af73d4_00000298.jpg,ulcerative-colitis,ulcerative-colitis,0.9936
..\Datasets\kvasir-dataset-v2\dyed-lifted-polyps\e0e7482a-ee2c-4de1-8336-27acffe65679.jpg,dyed-lifted-polyps,dyed-lifted-polyps,0.8623
..\Datasets\kvasir-dataset-v2\normal-pylorus\5e03dabc-d95a-455c-8184-893429578c10.jpg,normal-pylorus,normal-pylorus,0.7104
..\Datasets\kvasir-dataset-v2\dyed-lifted-polyps\96b9cb2d-0b8e-4439-881b-ecfce8dddfe5.jpg,dyed-lifted-polyps,dyed-lifted-polyps,0.5096
..\Datasets\kvasir-dataset-v2\dyed-lifted-polyps\45b3cd62-aff5-4f86-a879-24377e2546e9.jpg,dyed-lifted-polyps,dyed-resection-margins,0.6409
..\Datasets\kvasir-dataset-v2\dyed-resection-margins\a510691e-08f6-4327-9091-d4c2ebce5b38.jpg,dyed-resection-margins,dyed-resection-margins,0.4965
..\Datasets\kvasir-dataset-v2\polyps\5b3d7323-f08a-4b4a-86d3-6eaa7e8f1e6f.jpg,polyps,polyps,0.8798
..\Datasets\kvasir-dataset-v2\polyps\52322e9b-7ed8-47d4-a3b9-099d3e5aa300.jpg,polyps,normal-cecum,0.8448
..\Datasets\kvasir-dataset-v2\dyed-resection-margins\08ce23d1-549a-4b7c-80c9-8dca8f4b5d99.jpg,dyed-resection-margins,dyed-lifted-polyps,0.6871
..\Datasets\kvasir-dataset-v2\normal-z-line\8368777a-79fd-481f-9b1e-3477aff88a01.jpg,normal-z-line,normal-z-line,0.9553
..\Datasets\kvasir-dataset-v2\normal-cecum\26bf86ca-cddb-4d4c-8335-a7104a0e8495.jpg,normal-cecum,normal-cecum,0.7765
..\Datasets\kvasir-dataset-v2\esophagitis\32f6e8e1-4722-4d11-8980-91b3f3dc029b.jpg,esophagitis,esophagitis,0.8676
..\Datasets\kvasir-dataset-v2\ulcerative-colitis\6dd5186a-a6a1-4a2e-bc43-979b21966ee2.jpg,ulcerative-colitis,ulcerative-colitis,0.9416
..\Datasets\kvasir-dataset-v2\esophagitis\36b38ffd-15bd-4bb5-801f-21a97932025f.jpg,esophagitis,esophagitis,0.6545
..\Datasets\kvasir-dataset-v2\dyed-resection-margins\54e37af8-8256-44ae-b386-b1f3e7f64f12.jpg,dyed-resection-margins,dyed-resection-margins,0.9613
..\Datasets\kvasir-dataset-v2\dyed-lifted-polyps\1f1499e9-ed76-4ccc-91a0-456bcd5520c4.jpg,dyed-lifted-polyps,dyed-resection-margins,0.5999
..\Datasets\kvasir-dataset-v2\normal-z-line\b9229964-98fe-42f6-bbb4-df1f67ac41bb.jpg,normal-z-line,normal-z-line,0.5251
..\Datasets\kvasir-dataset-v2\polyps\116c1e37-65f8-4205-b220-48ad583dfd3d.jpg,polyps,polyps,0.4894
..\Datasets\kvasir-dataset-v2\dyed-lifted-polyps\51dd6678-6401-4bb8-9edc-efd67f985756.jpg,dyed-lifted-polyps,dyed-lifted-polyps,0.5282
..\Datasets\kvasir-dataset-v2\normal-cecum\2cfafe68-7e08-4e01-8e96-0421dadc3e37.jpg,normal-cecum,normal-cecum,0.9514
..\Datasets\kvasir-dataset-v2\esophagitis\60d802c0-5903-45f6-abd0-a0cf53b18126.jpg,esophagitis,esophagitis,0.7995
..\Datasets\kvasir-dataset-v2\esophagitis\3a8d7e35-7236-4c64-9f07-5ff4077229c2.jpg,esophagitis,normal-z-line,0.4481
..\Datasets\kvasir-dataset-v2\ulcerative-colitis\584f1fa0-9bb9-49d3-b412-c42819d0a200_00000052.jpg,ulcerative-colitis,ulcerative-colitis,0.8729
..\Datasets\kvasir-dataset-v2\dyed-resection-margins\9691bc78-f289-4b6d-be7b-c240955138d2.jpg,dyed-resection-margins,polyps,0.3550
..\Datasets\kvasir-dataset-v2\dyed-lifted-polyps\a5407664-0edc-40d8-8734-47776eb8ec74.jpg,dyed-lifted-polyps,dyed-resection-margins,0.5314
..\Datasets\kvasir-dataset-v2\dyed-lifted-polyps\c8a14eb3-8b5e-4cfe-afa7-59a2fb9ebc21.jpg,dyed-lifted-polyps,dyed-lifted-polyps,0.5873
..\Datasets\kvasir-dataset-v2\polyps\0c556b9f-a3aa-4153-b3a0-8e7daea90f70.jpg,polyps,polyps,0.8937
..\Datasets\kvasir-dataset-v2\ulcerative-colitis\5401006b-30e1-4bdb-a74b-951d44eaff98.jpg,ulcerative-colitis,ulcerative-colitis,0.9958
..\Datasets\kvasir-dataset-v2\dyed-lifted-polyps\8525d28a-09d9-4379-b734-b57a92211ea7.jpg,dyed-lifted-polyps,dyed-lifted-polyps,0.6070
..\Datasets\kvasir-dataset-v2\dyed-lifted-polyps\46e88353-54d0-47fd-a6fd-b3aa962f57d6.jpg,dyed-lifted-polyps,dyed-lifted-polyps,0.5759
..\Datasets\kvasir-dataset-v2\normal-cecum\7c3dd9d3-19ff-4bfd-a363-55f15f8abb8d.jpg,normal-cecum,normal-cecum,0.9485
..\Datasets\kvasir-dataset-v2\normal-pylorus\5df015e6-78f5-4d26-b73b-337102b8b6b3.jpg,normal-pylorus,normal-pylorus,0.7636
..\Datasets\kvasir-dataset-v2\normal-z-line\1d62f23e-3ff0-4799-a416-701e8008cd9e.jpg,normal-z-line,normal-z-line,0.6228
..\Datasets\kvasir-dataset-v2\dyed-lifted-polyps\04dfa154-4878-408f-97c5-1829c2aba2fe.jpg,dyed-lifted-polyps,dyed-lifted-polyps,0.7688
..\Datasets\kvasir-dataset-v2\normal-cecum\1f584087-09fa-4d47-bd8f-89dc5cc7bed6.jpg,normal-cecum,normal-cecum,0.8609
..\Datasets\kvasir-dataset-v2\normal-pylorus\5b5116aa-3b84-43a6-bf3e-4b851d0d124c.jpg,normal-pylorus,normal-pylorus,0.6880
..\Datasets\kvasir-dataset-v2\normal-z-line\7a3d16e2-a872-41b5-9e6c-dad9cb1b0248.jpg,normal-z-line,normal-z-line,0.7229
..\Datasets\kvasir-dataset-v2\esophagitis\64f6b6f9-5256-432a-a101-383be6b0957e.jpg,esophagitis,esophagitis,0.5783
..\Datasets\kvasir-dataset-v2\normal-z-line\39c2a65e-5ef5-42e5-949f-3f4d20a232b1.jpg,normal-z-line,normal-z-line,0.9580
..\Datasets\kvasir-dataset-v2\polyps\22c3afdd-fd5a-46bf-bff9-68e9841464ff.jpg,polyps,polyps,0.4305
..\Datasets\kvasir-dataset-v2\ulcerative-colitis\784ac2c4-da66-43e5-9dcc-38a0ac581108.jpg,ulcerative-colitis,ulcerative-colitis,0.8197
..\Datasets\kvasir-dataset-v2\normal-z-line\20714e70-30f8-4419-bb58-66bfa7f48761.jpg,normal-z-line,normal-z-line,0.8067
..\Datasets\kvasir-dataset-v2\dyed-resection-margins\643d529f-dd49-4818-8c2d-07db0d5bea01.jpg,dyed-resection-margins,dyed-resection-margins,0.6071
..\Datasets\kvasir-dataset-v2\normal-pylorus\075ae854-b704-4da6-a09b-1057b278e4f0.jpg,normal-pylorus,normal-pylorus,0.9592
..\Datasets\kvasir-dataset-v2\polyps\9ef37d84-05d6-4779-a928-c0e2cecef341.jpg,polyps,polyps,0.6222
..\Datasets\kvasir-dataset-v2\dyed-resection-margins\a3b038cc-df06-4d2d-9771-93762ce3ba81.jpg,dyed-resection-margins,dyed-lifted-polyps,0.6333
..\Datasets\kvasir-dataset-v2\normal-z-line\b46029c6-e101-4911-abf3-88fee22c38dd.jpg,normal-z-line,normal-z-line,0.8069
..\Datasets\kvasir-dataset-v2\normal-pylorus\5d882bf1-dd48-42a7-badc-fd8247891eda.jpg,normal-pylorus,normal-pylorus,0.9697
..\Datasets\kvasir-dataset-v2\dyed-lifted-polyps\a70fecce-0464-4144-80d2-052ae4e98257.jpg,dyed-lifted-polyps,dyed-lifted-polyps,0.8346
..\Datasets\kvasir-dataset-v2\polyps\e6f6b3b6-a881-46b8-bbac-1fe0f7507294.jpg,polyps,polyps,0.7926
..\Datasets\kvasir-dataset-v2\ulcerative-colitis\191dfdc1-c159-45d9-bba1-b070e48308b0.jpg,ulcerative-colitis,ulcerative-colitis,0.6118
..\Datasets\kvasir-dataset-v2\polyps\d2e55349-46d2-45f9-98cf-b9c5f7aaa294.jpg,polyps,polyps,0.7540
..\Datasets\kvasir-dataset-v2\ulcerative-colitis\698f130b-41ff-414d-908c-8d8c0f82d4a8_00000923.jpg,ulcerative-colitis,ulcerative-colitis,0.6661
..\Datasets\kvasir-dataset-v2\normal-pylorus\7eace728-0017-41bf-aa1e-c9899f81f18c.jpg,normal-pylorus,esophagitis,0.6883
..\Datasets\kvasir-dataset-v2\polyps\27567cff-0f63-42df-9041-322e497818b1.jpg,polyps,polyps,0.4073
..\Datasets\kvasir-dataset-v2\normal-pylorus\c2271bd0-cb95-4466-9659-587bf2bf392d.jpg,normal-pylorus,normal-pylorus,0.9659
..\Datasets\kvasir-dataset-v2\normal-pylorus\c2c7e89a-70a6-43c4-850b-cef704f5a297.jpg,normal-pylorus,normal-pylorus,0.8870
..\Datasets\kvasir-dataset-v2\polyps\ffa14f88-483b-4d92-a71f-b9ad47bbb53f.jpg,polyps,polyps,0.7572
..\Datasets\kvasir-dataset-v2\normal-pylorus\faaf601c-5fa9-4b0f-9562-7c1ce2eff572.jpg,normal-pylorus,normal-pylorus,0.9783
..\Datasets\kvasir-dataset-v2\dyed-lifted-polyps\2c3d00a1-22a5-48e6-bf4f-737606d98a34.jpg,dyed-lifted-polyps,dyed-resection-margins,0.7192
..\Datasets\kvasir-dataset-v2\polyps\60a48de4-e9d2-4a65-b762-b71539cc2097.jpg,polyps,polyps,0.7183
..\Datasets\kvasir-dataset-v2\normal-cecum\a53767d0-1636-4c0a-803b-9f94abaf552e.jpg,normal-cecum,normal-cecum,0.6735
..\Datasets\kvasir-dataset-v2\dyed-resection-margins\482ea2b9-ec49-4dd4-9473-d117f265079d.jpg,dyed-resection-margins,dyed-lifted-polyps,0.5520
..\Datasets\kvasir-dataset-v2\ulcerative-colitis\b0f034f4-c7c6-46e8-8c8e-93b9b17eeeaf.jpg,ulcerative-colitis,ulcerative-colitis,0.9142
..\Datasets\kvasir-dataset-v2\esophagitis\3b309340-0d91-4848-a6a3-57149c34b499.jpg,esophagitis,esophagitis,0.6256
..\Datasets\kvasir-dataset-v2\polyps\981d8cf5-e8e6-46fa-82a1-cd94544a595e.jpg,polyps,polyps,0.6351
..\Datasets\kvasir-dataset-v2\normal-z-line\bcb11bcd-1c69-46b5-aaca-06fcc1ecca75.jpg,normal-z-line,esophagitis,0.6486
..\Datasets\kvasir-dataset-v2\dyed-lifted-polyps\6f1ee301-8bb8-4cda-b04f-5f11593b528b.jpg,dyed-lifted-polyps,dyed-resection-margins,0.7627
..\Datasets\kvasir-dataset-v2\ulcerative-colitis\c5915729-6393-4728-8d18-79c6f5f00059.jpg,ulcerative-colitis,ulcerative-colitis,0.9543
..\Datasets\kvasir-dataset-v2\normal-pylorus\d3d72cc3-3d1a-42f3-b217-ce7ac4a24e10.jpg,normal-pylorus,normal-pylorus,0.9377
..\Datasets\kvasir-dataset-v2\ulcerative-colitis\5414d2a8-be45-4d37-9443-fcd95b23f694.jpg,ulcerative-colitis,ulcerative-colitis,0.8523
..\Datasets\kvasir-dataset-v2\normal-cecum\de4eedc8-0c69-46dc-8a20-e425cb222bfe.jpg,normal-cecum,normal-cecum,0.9402
..\Datasets\kvasir-dataset-v2\normal-pylorus\d1b058f0-a415-4928-8180-68a2848f46c2.jpg,normal-pylorus,normal-pylorus,0.9479
..\Datasets\kvasir-dataset-v2\ulcerative-colitis\3475ac09-04f9-40d2-8ba9-a5ac494d7477.jpg,ulcerative-colitis,normal-cecum,0.5401
..\Datasets\kvasir-dataset-v2\dyed-resection-margins\24e245a1-6bb5-4775-bba9-e38b50eef28c.jpg,dyed-resection-margins,dyed-resection-margins,0.6674
..\Datasets\kvasir-dataset-v2\esophagitis\b6ce7b76-0b1f-4b6b-b87b-d0a971ce6983.jpg,esophagitis,esophagitis,0.8848
..\Datasets\kvasir-dataset-v2\normal-cecum\fa09ce53-52c3-434d-888c-850784baa039.jpg,normal-cecum,normal-cecum,0.7336
..\Datasets\kvasir-dataset-v2\normal-pylorus\b2219ac5-819d-4c94-8eef-690e4174268f.jpg,normal-pylorus,normal-pylorus,0.9548
..\Datasets\kvasir-dataset-v2\ulcerative-colitis\1c5ac8d1-cff6-4bfe-bb2f-bf6b325a7255.jpg,ulcerative-colitis,ulcerative-colitis,0.9272
..\Datasets\kvasir-dataset-v2\polyps\7a8013ce-bfec-4ab7-b1f9-a0188f772c82.jpg,polyps,normal-cecum,0.4309
..\Datasets\kvasir-dataset-v2\normal-cecum\6ecada08-17b4-457f-9146-b2ea44b493da.jpg,normal-cecum,normal-cecum,0.9349
..\Datasets\kvasir-dataset-v2\polyps\2647375e-0e9a-4b90-9f05-dc537c572448.jpg,polyps,polyps,0.5844
..\Datasets\kvasir-dataset-v2\dyed-lifted-polyps\6198ac62-d11b-47fd-9488-13bab02fa5a8.jpg,dyed-lifted-polyps,dyed-lifted-polyps,0.6632
..\Datasets\kvasir-dataset-v2\dyed-lifted-polyps\1994804b-9608-4556-9862-9ccf337ce3f2.jpg,dyed-lifted-polyps,dyed-lifted-polyps,0.6331
..\Datasets\kvasir-dataset-v2\esophagitis\ba78e137-1ec8-4147-8063-f1a4a3366667.jpg,esophagitis,esophagitis,0.6657
..\Datasets\kvasir-dataset-v2\dyed-lifted-polyps\d26a11ac-fe40-4e87-8c0c-1f5087feb768.jpg,dyed-lifted-polyps,dyed-resection-margins,0.4973
..\Datasets\kvasir-dataset-v2\normal-pylorus\4bd9c181-9463-4552-b0bd-b1890251fca3.jpg,normal-pylorus,normal-pylorus,0.9436
..\Datasets\kvasir-dataset-v2\polyps\07a74f86-7ca4-4049-a208-8995efd0fc68.jpg,polyps,polyps,0.5756
..\Datasets\kvasir-dataset-v2\dyed-lifted-polyps\8b178efc-08c2-43fd-bd77-e4c40f1786ca.jpg,dyed-lifted-polyps,dyed-lifted-polyps,0.7724
..\Datasets\kvasir-dataset-v2\polyps\758cb2fc-f3ec-4f8c-97b1-4f311f095823.jpg,polyps,polyps,0.6315
..\Datasets\kvasir-dataset-v2\normal-pylorus\9bc3effc-9aa3-4864-936d-c671278610ad.jpg,normal-pylorus,normal-pylorus,0.9929
..\Datasets\kvasir-dataset-v2\polyps\277520e1-9053-46b4-8b7e-4a3332484e63.jpg,polyps,polyps,0.5586
..\Datasets\kvasir-dataset-v2\dyed-resection-margins\e2492f68-0c78-40d3-9d7e-782787b57103.jpg,dyed-resection-margins,dyed-lifted-polyps,0.8123
..\Datasets\kvasir-dataset-v2\normal-pylorus\cbdaef89-df08-4efb-88de-c7bb33e19d42.jpg,normal-pylorus,normal-pylorus,0.9979
..\Datasets\kvasir-dataset-v2\ulcerative-colitis\c220e205-23db-4f7b-94cb-9f9a22d532ae.jpg,ulcerative-colitis,ulcerative-colitis,0.9279
..\Datasets\kvasir-dataset-v2\ulcerative-colitis\7d3c6073-57ef-4591-a7ff-22bb2e6504c9.jpg,ulcerative-colitis,ulcerative-colitis,0.7981
..\Datasets\kvasir-dataset-v2\dyed-resection-margins\c837c12d-ac15-45b0-b8b7-a85fbd68ef59.jpg,dyed-resection-margins,dyed-resection-margins,0.7506
..\Datasets\kvasir-dataset-v2\dyed-resection-margins\c1a4919e-07c4-4d3c-b0a9-948c211b812f.jpg,dyed-resection-margins,dyed-resection-margins,0.5336
..\Datasets\kvasir-dataset-v2\dyed-resection-margins\b83d4bd4-5405-4df4-87d7-c690539fda6b.jpg,dyed-resection-margins,dyed-resection-margins,0.7573
..\Datasets\kvasir-dataset-v2\ulcerative-colitis\5f7d1bcc-e800-46f6-80f9-b869a31e56ff.jpg,ulcerative-colitis,polyps,0.5620
..\Datasets\kvasir-dataset-v2\ulcerative-colitis\2496651d-e8b9-4567-ade8-0c84498dd5ae.jpg,ulcerative-colitis,ulcerative-colitis,0.9936
..\Datasets\kvasir-dataset-v2\normal-pylorus\b9559ef9-163d-4d98-a8d4-5f058bfa8003.jpg,normal-pylorus,normal-pylorus,0.6729
..\Datasets\kvasir-dataset-v2\normal-pylorus\7cc5598a-48ba-4830-9fb4-622cbeb4c96d.jpg,normal-pylorus,normal-pylorus,0.4474
..\Datasets\kvasir-dataset-v2\esophagitis\eb51a8c3-99f1-461b-b994-249cc2873fe2.jpg,esophagitis,esophagitis,0.8143
..\Datasets\kvasir-dataset-v2\dyed-lifted-polyps\b608a8e8-c83d-4eb5-ae70-8c07edadd247.jpg,dyed-lifted-polyps,dyed-lifted-polyps,0.7444
..\Datasets\kvasir-dataset-v2\dyed-lifted-polyps\79ee1d4f-61ba-4151-bca7-fb2403ebcd1c.jpg,dyed-lifted-polyps,ulcerative-colitis,0.2780
..\Datasets\kvasir-dataset-v2\normal-z-line\cc111ab2-0bfa-4a16-bf71-a88cfe8bed0b.jpg,normal-z-line,normal-z-line,0.9407
..\Datasets\kvasir-dataset-v2\ulcerative-colitis\7bc017e9-b8d5-4bdb-9503-3f1bcbd9da7f.jpg,ulcerative-colitis,ulcerative-colitis,0.9038
..\Datasets\kvasir-dataset-v2\normal-cecum\1a5d6a2e-8c50-4590-b90a-f90d789da097.jpg,normal-cecum,normal-cecum,0.9537
..\Datasets\kvasir-dataset-v2\normal-pylorus\9c37eb18-5f4a-4f9c-b237-55d315f90b3c.jpg,normal-pylorus,normal-pylorus,0.9935
..\Datasets\kvasir-dataset-v2\polyps\53e555aa-8903-4549-a88e-7b044a8ecf38.jpg,polyps,polyps,0.6579
..\Datasets\kvasir-dataset-v2\ulcerative-colitis\698f130b-41ff-414d-908c-8d8c0f82d4a8_00003143.jpg,ulcerative-colitis,dyed-resection-margins,0.7481
..\Datasets\kvasir-dataset-v2\normal-z-line\4a3be107-14a7-4bbb-a08a-3ed7d7ad946e.jpg,normal-z-line,esophagitis,0.5580
..\Datasets\kvasir-dataset-v2\polyps\78921832-924b-4e24-943b-faac015f31e1.jpg,polyps,dyed-lifted-polyps,0.5529
..\Datasets\kvasir-dataset-v2\dyed-resection-margins\cce35aa9-c34d-4f7c-ad74-e584c8f4a6b1.jpg,dyed-resection-margins,dyed-resection-margins,0.8242
..\Datasets\kvasir-dataset-v2\normal-z-line\2bf1784b-13e8-4cad-a585-8c6981e494ad.jpg,normal-z-line,normal-z-line,0.6311
..\Datasets\kvasir-dataset-v2\normal-z-line\5ba8d327-f862-4c47-925d-7b10a7239146.jpg,normal-z-line,esophagitis,0.5035
..\Datasets\kvasir-dataset-v2\dyed-resection-margins\491f8a7c-2f11-48d8-afad-6890776e5498.jpg,dyed-resection-margins,dyed-resection-margins,0.9140
..\Datasets\kvasir-dataset-v2\ulcerative-colitis\c1aa06aa-8cbe-41f8-965e-f3dbe9f30ca8.jpg,ulcerative-colitis,ulcerative-colitis,0.9604
..\Datasets\kvasir-dataset-v2\normal-cecum\0f601b5d-d7ea-4bd1-af97-3fe395620a39.jpg,normal-cecum,normal-cecum,0.5537
..\Datasets\kvasir-dataset-v2\normal-cecum\09854f0b-7528-4b68-898a-04b05ba54806.jpg,normal-cecum,normal-cecum,0.9425
..\Datasets\kvasir-dataset-v2\dyed-lifted-polyps\585447d7-8210-4ce1-ab85-d62998061a95.jpg,dyed-lifted-polyps,dyed-lifted-polyps,0.5947
..\Datasets\kvasir-dataset-v2\esophagitis\dfcf7709-3b15-4ae1-9ef2-55e9150b14dd.jpg,esophagitis,esophagitis,0.8538
..\Datasets\kvasir-dataset-v2\esophagitis\10f25b4e-9c94-4b8d-af0f-d4d820d52092.jpg,esophagitis,esophagitis,0.6395
..\Datasets\kvasir-dataset-v2\esophagitis\88104218-58e9-4ce7-a361-aac71c7dcf08.jpg,esophagitis,esophagitis,0.8763
..\Datasets\kvasir-dataset-v2\normal-cecum\7c8923ec-2a8b-4f65-96d9-1dbf458cc8bf.jpg,normal-cecum,normal-cecum,0.6306
..\Datasets\kvasir-dataset-v2\dyed-lifted-polyps\060e78dd-e11f-4ff4-8610-d62277b3381e.jpg,dyed-lifted-polyps,dyed-lifted-polyps,0.3441
..\Datasets\kvasir-dataset-v2\dyed-lifted-polyps\dff67e1f-94d5-422a-839b-b4ff429f9bcf.jpg,dyed-lifted-polyps,dyed-lifted-polyps,0.7159
..\Datasets\kvasir-dataset-v2\normal-cecum\687b5595-b799-4fac-9232-67f70ae6175f.jpg,normal-cecum,normal-cecum,0.6107
..\Datasets\kvasir-dataset-v2\dyed-resection-margins\08a5f58e-f190-4aed-9b1b-4a69baf56355.jpg,dyed-resection-margins,dyed-resection-margins,0.5991
..\Datasets\kvasir-dataset-v2\dyed-resection-margins\18c6ae85-f3f9-4c5f-a318-51f67f5eb009.jpg,dyed-resection-margins,dyed-lifted-polyps,0.5476
..\Datasets\kvasir-dataset-v2\dyed-resection-margins\14110694-9cf3-4dc6-a63c-b2e10c19633b.jpg,dyed-resection-margins,dyed-resection-margins,0.8433
..\Datasets\kvasir-dataset-v2\normal-z-line\b0335162-87d9-47ea-bbf6-acd1bffbda65.jpg,normal-z-line,normal-z-line,0.7937
..\Datasets\kvasir-dataset-v2\ulcerative-colitis\c8546c4f-3fe5-4274-b5c8-5f40993d50a8.jpg,ulcerative-colitis,ulcerative-colitis,0.6751
..\Datasets\kvasir-dataset-v2\esophagitis\a73b9aa8-0437-48ae-8a89-9440596f8224.jpg,esophagitis,esophagitis,0.7408
..\Datasets\kvasir-dataset-v2\dyed-resection-margins\1266d8f7-d172-43d9-ab83-464a780cee54.jpg,dyed-resection-margins,dyed-resection-margins,0.7549
..\Datasets\kvasir-dataset-v2\dyed-lifted-polyps\b224b6b7-4c94-4e7a-a4a2-ca85daaf1b1e.jpg,dyed-lifted-polyps,dyed-lifted-polyps,0.4034
..\Datasets\kvasir-dataset-v2\esophagitis\5af6df3e-20b4-4579-be7b-f826841b771b.jpg,esophagitis,normal-z-line,0.7649
..\Datasets\kvasir-dataset-v2\normal-cecum\49da2176-6517-42bb-b2dc-a152c705fa53.jpg,normal-cecum,normal-cecum,0.5847
..\Datasets\kvasir-dataset-v2\dyed-resection-margins\8becc3c0-3456-4610-859f-fd74b4d7499c.jpg,dyed-resection-margins,dyed-resection-margins,0.8880
..\Datasets\kvasir-dataset-v2\dyed-lifted-polyps\9b87c32e-ddad-4faa-b329-752ab7ed5d18.jpg,dyed-lifted-polyps,dyed-lifted-polyps,0.6973
..\Datasets\kvasir-dataset-v2\normal-z-line\8af72668-b751-4669-b063-ec383c2d4065.jpg,normal-z-line,normal-z-line,0.8316
..\Datasets\kvasir-dataset-v2\dyed-resection-margins\2ef60851-252d-40c2-b8df-8f24a7f34bbc.jpg,dyed-resection-margins,dyed-resection-margins,0.7546
..\Datasets\kvasir-dataset-v2\normal-z-line\06b44ebc-e89c-4263-9556-6eaae3952230.jpg,normal-z-line,normal-z-line,0.6309
..\Datasets\kvasir-dataset-v2\normal-cecum\e667ee83-4435-42c6-b69c-c9618dda2aa5.jpg,normal-cecum,normal-cecum,0.9839
..\Datasets\kvasir-dataset-v2\dyed-resection-margins\a5a7dfa6-920a-4692-965b-f561a3b9f9c1.jpg,dyed-resection-margins,dyed-resection-margins,0.7381
..\Datasets\kvasir-dataset-v2\normal-pylorus\cee818f8-17d1-4356-87d7-3561f2c74514.jpg,normal-pylorus,normal-pylorus,0.9449
..\Datasets\kvasir-dataset-v2\dyed-resection-margins\97653f55-18b1-4bd5-8c4b-76e5be3fe636.jpg,dyed-resection-margins,dyed-resection-margins,0.5180
..\Datasets\kvasir-dataset-v2\normal-cecum\8c80df3b-00de-4435-ba77-0c03533e2277.jpg,normal-cecum,normal-cecum,0.9852
..\Datasets\kvasir-dataset-v2\ulcerative-colitis\f9403c18-fc40-403d-a5fc-1d3228d28cba.jpg,ulcerative-colitis,ulcerative-colitis,0.9465
..\Datasets\kvasir-dataset-v2\normal-z-line\03be9506-bf4a-42e5-b18b-ec8388860fae.jpg,normal-z-line,normal-z-line,0.9715
..\Datasets\kvasir-dataset-v2\ulcerative-colitis\447b8d68-a5b9-4ed4-b97f-1acc33262f32.jpg,ulcerative-colitis,ulcerative-colitis,0.9000
..\Datasets\kvasir-dataset-v2\normal-pylorus\e27c45b0-9074-4846-9e43-43e0b60053a7.jpg,normal-pylorus,normal-pylorus,0.9907
..\Datasets\kvasir-dataset-v2\polyps\80a0585e-bee1-4e9a-93c4-895fc3499561.jpg,polyps,polyps,0.2856
..\Datasets\kvasir-dataset-v2\normal-z-line\f9d26e38-fa76-4da1-9e3c-c217ab4de63c.jpg,normal-z-line,esophagitis,0.8332
..\Datasets\kvasir-dataset-v2\esophagitis\47cabd0d-7678-445c-8fd1-b52533b0d410.jpg,esophagitis,normal-z-line,0.8560
..\Datasets\kvasir-dataset-v2\dyed-resection-margins\5b271f5e-5080-43ae-96f0-8113b6a8399b.jpg,dyed-resection-margins,dyed-resection-margins,0.9697
..\Datasets\kvasir-dataset-v2\dyed-resection-margins\8280c0f6-c4d2-4a77-a6c0-d7c89fb43d5b.jpg,dyed-resection-margins,dyed-lifted-polyps,0.5413
..\Datasets\kvasir-dataset-v2\normal-cecum\9e0b9790-09ca-4a12-af60-b44b433dd04c.jpg,normal-cecum,ulcerative-colitis,0.4884
..\Datasets\kvasir-dataset-v2\esophagitis\c4cbe50d-4bac-41fe-94bf-1df29c6255f6.jpg,esophagitis,esophagitis,0.9000
..\Datasets\kvasir-dataset-v2\ulcerative-colitis\73f1be10-d17e-467e-aff2-310d87180f02.jpg,ulcerative-colitis,ulcerative-colitis,0.4753
..\Datasets\kvasir-dataset-v2\normal-pylorus\5b68f328-90fb-4b4d-9264-7c3e722a8720.jpg,normal-pylorus,normal-pylorus,0.8802
..\Datasets\kvasir-dataset-v2\dyed-resection-margins\ddd60fc8-99a0-4243-8bd4-6622a4aefb63.jpg,dyed-resection-margins,dyed-resection-margins,0.8530
..\Datasets\kvasir-dataset-v2\normal-pylorus\a8227a3a-c86e-4e54-bf45-4630cda54f70.jpg,normal-pylorus,normal-pylorus,0.9928
..\Datasets\kvasir-dataset-v2\polyps\b376a904-8006-4600-848f-f235e19b26ad.jpg,polyps,polyps,0.9277
..\Datasets\kvasir-dataset-v2\polyps\2df4a139-debd-4fa9-89b9-43d2450d8e1b.jpg,polyps,polyps,0.9262
..\Datasets\kvasir-dataset-v2\normal-cecum\16788e12-ef93-4c3d-89b6-35bda0e603e3.jpg,normal-cecum,normal-cecum,0.9900
..\Datasets\kvasir-dataset-v2\ulcerative-colitis\edac581f-b67f-46f2-9b38-593b3f1d074b.jpg,ulcerative-colitis,ulcerative-colitis,0.4604
..\Datasets\kvasir-dataset-v2\esophagitis\0339a2f7-65bb-41fb-8650-e119670b4e2e.jpg,esophagitis,esophagitis,0.7422
..\Datasets\kvasir-dataset-v2\normal-pylorus\4a0cf888-9ae8-4bac-89e5-ab9ec335809f.jpg,normal-pylorus,ulcerative-colitis,0.4907
..\Datasets\kvasir-dataset-v2\dyed-lifted-polyps\99a347be-3cc7-4cf8-adb1-a80b19187423.jpg,dyed-lifted-polyps,dyed-lifted-polyps,0.7984
..\Datasets\kvasir-dataset-v2\esophagitis\a930913e-95a4-487b-a0f5-84164a51fd9e.jpg,esophagitis,esophagitis,0.9504
..\Datasets\kvasir-dataset-v2\ulcerative-colitis\23291a6e-8604-493e-9939-15ea64ab7557.jpg,ulcerative-colitis,polyps,0.4374
..\Datasets\kvasir-dataset-v2\normal-z-line\8f5ae256-493f-4748-8f4e-960753c6a969.jpg,normal-z-line,esophagitis,0.5358
..\Datasets\kvasir-dataset-v2\ulcerative-colitis\d37e0332-4afc-46f3-a6b3-8ac2f28427ec.jpg,ulcerative-colitis,ulcerative-colitis,0.6759
..\Datasets\kvasir-dataset-v2\polyps\1b5da325-ac46-4369-9818-5b7bd4b303c1.jpg,polyps,polyps,0.5767
..\Datasets\kvasir-dataset-v2\normal-pylorus\95040a61-e19a-48a4-8e02-624f4e75018f.jpg,normal-pylorus,normal-pylorus,0.9970
..\Datasets\kvasir-dataset-v2\normal-cecum\03eb7061-0329-405a-a4b6-d629cf01baad.jpg,normal-cecum,normal-cecum,0.7725
..\Datasets\kvasir-dataset-v2\dyed-lifted-polyps\b99ae0a8-4826-4b86-a58d-fa4c685407a5.jpg,dyed-lifted-polyps,dyed-lifted-polyps,0.6992
..\Datasets\kvasir-dataset-v2\normal-pylorus\f9e1e496-9f22-4f97-a420-b68b2194df2e.jpg,normal-pylorus,normal-pylorus,0.9760
..\Datasets\kvasir-dataset-v2\normal-cecum\51117419-0f25-4a30-9be4-cfcf00719a25.jpg,normal-cecum,normal-cecum,0.9417
..\Datasets\kvasir-dataset-v2\normal-cecum\a6020157-ea3e-479b-ad2b-5f8a50a8ec25.jpg,normal-cecum,polyps,0.4232
..\Datasets\kvasir-dataset-v2\normal-z-line\14c69009-c72a-4595-becb-1909bd675468.jpg,normal-z-line,normal-z-line,0.8052
..\Datasets\kvasir-dataset-v2\dyed-resection-margins\76a277ee-aa89-4cf3-b1f7-2bed6d690e1b.jpg,dyed-resection-margins,dyed-resection-margins,0.8035
..\Datasets\kvasir-dataset-v2\ulcerative-colitis\e3d40bb0-d23e-425e-a9dd-6cabb1926c89.jpg,ulcerative-colitis,polyps,0.5058
..\Datasets\kvasir-dataset-v2\ulcerative-colitis\1b84008d-b947-4bc3-89e6-db6505b543b0.jpg,ulcerative-colitis,ulcerative-colitis,0.8656
..\Datasets\kvasir-dataset-v2\dyed-resection-margins\b709b88d-e5c4-440c-9b28-a0daad8ce27c.jpg,dyed-resection-margins,dyed-resection-margins,0.5130
..\Datasets\kvasir-dataset-v2\ulcerative-colitis\698f130b-41ff-414d-908c-8d8c0f82d4a8_00001949.jpg,ulcerative-colitis,ulcerative-colitis,0.7553
..\Datasets\kvasir-dataset-v2\dyed-lifted-polyps\3046f53d-c699-4bac-92f6-303b4c0478a2.jpg,dyed-lifted-polyps,dyed-lifted-polyps,0.4659
..\Datasets\kvasir-dataset-v2\normal-z-line\e1eb51e7-6451-42ef-95ad-d4bc7ebd2d16.jpg,normal-z-line,normal-z-line,0.8351
..\Datasets\kvasir-dataset-v2\normal-cecum\68b57fc7-e33b-46f0-9c41-a64845b99638.jpg,normal-cecum,normal-cecum,0.9766
..\Datasets\kvasir-dataset-v2\dyed-resection-margins\35a16221-32b7-46a7-9dc5-d6fc5b10544b.jpg,dyed-resection-margins,dyed-lifted-polyps,0.5454
..\Datasets\kvasir-dataset-v2\polyps\945ed3c0-979d-4305-a967-07be8652189c.jpg,polyps,esophagitis,0.4060
..\Datasets\kvasir-dataset-v2\normal-cecum\9c4989b3-a01b-4228-b8bc-d6c6d8aa8aba.jpg,normal-cecum,normal-cecum,0.9350
..\Datasets\kvasir-dataset-v2\polyps\4a443f4e-e2a9-465e-8b47-716a24783a25.jpg,polyps,polyps,0.3208
..\Datasets\kvasir-dataset-v2\normal-pylorus\dec46111-1d2f-4ba6-a837-3cc38102e9ad.jpg,normal-pylorus,esophagitis,0.4983
..\Datasets\kvasir-dataset-v2\normal-cecum\2c2d8149-1bd5-4606-9cb4-5c6ac2a9d0f1.jpg,normal-cecum,normal-cecum,0.8290
..\Datasets\kvasir-dataset-v2\esophagitis\4c5f4e85-adea-4fc5-9270-32d94f6cd10c.jpg,esophagitis,esophagitis,0.6329
..\Datasets\kvasir-dataset-v2\normal-cecum\238e76e9-d1fc-4c83-8418-e9a268cb66e0.jpg,normal-cecum,normal-cecum,0.9205
..\Datasets\kvasir-dataset-v2\normal-cecum\23277709-ff55-47d6-9c20-dc14f6208306.jpg,normal-cecum,normal-cecum,0.6427
..\Datasets\kvasir-dataset-v2\dyed-resection-margins\0a8d16ec-1985-4fb5-ac88-2d3fccfad334.jpg,dyed-resection-margins,dyed-resection-margins,0.5656
..\Datasets\kvasir-dataset-v2\polyps\e3e1a24a-c32e-4bf1-97ae-ad97a7f0ffa8.jpg,polyps,polyps,0.6601
..\Datasets\kvasir-dataset-v2\ulcerative-colitis\5c428c14-8db1-4694-a821-61b78b338a51.jpg,ulcerative-colitis,ulcerative-colitis,0.8656
..\Datasets\kvasir-dataset-v2\ulcerative-colitis\d8b0b1f4-b7d2-4eb4-94cb-1536e4500e2e.jpg,ulcerative-colitis,ulcerative-colitis,0.9940
..\Datasets\kvasir-dataset-v2\dyed-lifted-polyps\c6c622e4-0f90-4b91-ad6e-047a40f46498.jpg,dyed-lifted-polyps,dyed-lifted-polyps,0.8241
..\Datasets\kvasir-dataset-v2\ulcerative-colitis\917322e5-3de3-43ee-880e-dd2373bba526.jpg,ulcerative-colitis,ulcerative-colitis,0.8368
..\Datasets\kvasir-dataset-v2\dyed-lifted-polyps\527baba4-e784-4bbb-a1cb-1f4da4c44027.jpg,dyed-lifted-polyps,dyed-resection-margins,0.7653
..\Datasets\kvasir-dataset-v2\polyps\3751ea87-90e4-4352-8a9a-0ce1e81974e7.jpg,polyps,polyps,0.8551
..\Datasets\kvasir-dataset-v2\normal-pylorus\3f378f8c-8104-407e-85d7-38d5128e0d75.jpg,normal-pylorus,ulcerative-colitis,0.4158
..\Datasets\kvasir-dataset-v2\dyed-resection-margins\77b7cb2f-f005-4188-a92e-389d7182fcb9.jpg,dyed-resection-margins,dyed-resection-margins,0.9619
..\Datasets\kvasir-dataset-v2\dyed-resection-margins\078a83a1-d180-46d6-95b4-ded4c0f9d469.jpg,dyed-resection-margins,dyed-resection-margins,0.9918
..\Datasets\kvasir-dataset-v2\dyed-lifted-polyps\0fd098ab-68e7-4148-88f6-3eea124d133f.jpg,dyed-lifted-polyps,dyed-lifted-polyps,0.5416
..\Datasets\kvasir-dataset-v2\esophagitis\23a964b5-fc4f-463f-a987-e6684d18a3a1.jpg,esophagitis,esophagitis,0.8985
..\Datasets\kvasir-dataset-v2\normal-cecum\38ccd3a2-ce3e-4b87-84b5-5161c4aa2797.jpg,normal-cecum,normal-cecum,0.9323
..\Datasets\kvasir-dataset-v2\normal-pylorus\c4575f64-36ba-4100-aa14-3d022d5b0674.jpg,normal-pylorus,normal-pylorus,0.9986
..\Datasets\kvasir-dataset-v2\normal-cecum\27b3debd-8f4a-4c3a-aa94-68659ab4854e.jpg,normal-cecum,ulcerative-colitis,0.4523
..\Datasets\kvasir-dataset-v2\polyps\497f1c05-ee34-44ce-855f-91d95907e27d.jpg,polyps,polyps,0.8756
..\Datasets\kvasir-dataset-v2\normal-z-line\a77d42de-c70c-43b5-90f3-4feb67b0cdf6.jpg,normal-z-line,esophagitis,0.5398
..\Datasets\kvasir-dataset-v2\normal-z-line\c3cb8798-f5a9-456d-b6db-d171c628f5e7.jpg,normal-z-line,normal-z-line,0.7415
..\Datasets\kvasir-dataset-v2\normal-z-line\85b0546f-432d-4986-9420-0290d1855a26.jpg,normal-z-line,normal-z-line,0.8348
..\Datasets\kvasir-dataset-v2\normal-pylorus\47f632eb-d46f-4e5f-be14-166ce754431f.jpg,normal-pylorus,normal-pylorus,0.7465
..\Datasets\kvasir-dataset-v2\normal-pylorus\5d660f74-bc04-4355-861c-47ed48de600b.jpg,normal-pylorus,normal-pylorus,0.7404
..\Datasets\kvasir-dataset-v2\ulcerative-colitis\87e898bd-856a-465c-9bfa-f1eb0629e27a.jpg,ulcerative-colitis,ulcerative-colitis,0.9228
..\Datasets\kvasir-dataset-v2\normal-z-line\672d2ec7-bafe-4991-a310-728ca34f595a.jpg,normal-z-line,normal-z-line,0.8495
..\Datasets\kvasir-dataset-v2\normal-z-line\85386436-0fd3-47db-9957-a486d2ebe5ad.jpg,normal-z-line,normal-z-line,0.8537
..\Datasets\kvasir-dataset-v2\dyed-resection-margins\ae333466-8bba-4b4c-9a3c-cec19f292025.jpg,dyed-resection-margins,dyed-resection-margins,0.8116
..\Datasets\kvasir-dataset-v2\normal-pylorus\1be5f072-bd1d-4889-a772-2ad69c1347cd.jpg,normal-pylorus,normal-pylorus,0.9980
..\Datasets\kvasir-dataset-v2\normal-pylorus\fbbc74d2-5144-4450-8ba3-855a83dd6df4.jpg,normal-pylorus,normal-pylorus,0.9708
..\Datasets\kvasir-dataset-v2\normal-pylorus\a8d8045f-0c21-4706-8b13-ad416e61fa5b.jpg,normal-pylorus,normal-pylorus,0.9957
..\Datasets\kvasir-dataset-v2\dyed-resection-margins\eed9a32d-8fc8-4a1e-9961-fd8ccfe0c160.jpg,dyed-resection-margins,dyed-resection-margins,0.5927
..\Datasets\kvasir-dataset-v2\normal-cecum\df595e79-418f-494d-b2ea-d277443b7105.jpg,normal-cecum,normal-cecum,0.8956
..\Datasets\kvasir-dataset-v2\normal-cecum\edef8a58-1a64-4920-b769-0dabfaae143f.jpg,normal-cecum,normal-cecum,0.8730
..\Datasets\kvasir-dataset-v2\dyed-lifted-polyps\5b5fd419-c38f-4081-868f-36ccedfc9ff5.jpg,dyed-lifted-polyps,dyed-lifted-polyps,0.4989
..\Datasets\kvasir-dataset-v2\normal-pylorus\b612b3b2-cd9e-4a63-a0b9-38ef3303cd43.jpg,normal-pylorus,normal-pylorus,0.9622
..\Datasets\kvasir-dataset-v2\normal-cecum\9bdda2b3-df46-441b-9675-8d8a92789c7d.jpg,normal-cecum,normal-cecum,0.9349
..\Datasets\kvasir-dataset-v2\normal-cecum\4ee05077-fccb-4efe-80d9-453ceea7ae9d.jpg,normal-cecum,normal-cecum,0.9460
..\Datasets\kvasir-dataset-v2\polyps\fe1145d1-4612-42bf-ba0b-717d7d46c793.jpg,polyps,normal-pylorus,0.5558
..\Datasets\kvasir-dataset-v2\esophagitis\39f38423-4d29-4337-809c-8ea5b96c0774.jpg,esophagitis,esophagitis,0.7367
..\Datasets\kvasir-dataset-v2\esophagitis\2aad6a38-daa2-4e08-9db8-b9e19dc2ccdd.jpg,esophagitis,esophagitis,0.4216
..\Datasets\kvasir-dataset-v2\dyed-resection-margins\3cf22724-538f-4652-822b-63730d0b8057.jpg,dyed-resection-margins,dyed-resection-margins,0.5041
..\Datasets\kvasir-dataset-v2\esophagitis\18aa2d1c-9811-4241-82be-2d42473584da.jpg,esophagitis,esophagitis,0.7768
..\Datasets\kvasir-dataset-v2\normal-pylorus\bbe5f8cc-1a38-45dd-aeb3-decda6669604.jpg,normal-pylorus,normal-pylorus,0.7822
..\Datasets\kvasir-dataset-v2\esophagitis\30cafcba-8349-41c8-947b-7de265491928.jpg,esophagitis,esophagitis,0.7088
..\Datasets\kvasir-dataset-v2\normal-cecum\6a063fba-a675-4f0a-9aad-927098f4de32.jpg,normal-cecum,normal-cecum,0.8429
..\Datasets\kvasir-dataset-v2\normal-cecum\678cda14-372a-4e21-bdf2-1b0778439629.jpg,normal-cecum,normal-cecum,0.4132
..\Datasets\kvasir-dataset-v2\normal-pylorus\1d9233e5-05fb-448f-aad6-25ca4c108967.jpg,normal-pylorus,normal-pylorus,0.9884
..\Datasets\kvasir-dataset-v2\ulcerative-colitis\18ffd06b-36e5-4712-95fb-6c1c3e954358.jpg,ulcerative-colitis,ulcerative-colitis,0.5599
..\Datasets\kvasir-dataset-v2\esophagitis\31a8e88e-8705-4e99-9202-5ab74f76fd4a.jpg,esophagitis,normal-z-line,0.6364
..\Datasets\kvasir-dataset-v2\polyps\756cf101-9215-450e-8bd3-31c4b25af51e.jpg,polyps,polyps,0.6340
..\Datasets\kvasir-dataset-v2\ulcerative-colitis\db3322cb-c5d7-48c0-aa58-80b41702fefe.jpg,ulcerative-colitis,ulcerative-colitis,0.3795
..\Datasets\kvasir-dataset-v2\ulcerative-colitis\584f1fa0-9bb9-49d3-b412-c42819d0a200_00000531.jpg,ulcerative-colitis,ulcerative-colitis,0.9609
..\Datasets\kvasir-dataset-v2\esophagitis\d9e9fe08-dedf-49ab-90c1-e344fc07a43f.jpg,esophagitis,normal-z-line,0.7111
..\Datasets\kvasir-dataset-v2\ulcerative-colitis\7b2f0332-6a5c-4487-bb76-0b49ad15d918.jpg,ulcerative-colitis,ulcerative-colitis,0.9079
..\Datasets\kvasir-dataset-v2\esophagitis\dacf6704-b44f-47e4-bd83-030afc32e6d5.jpg,esophagitis,esophagitis,0.8940
..\Datasets\kvasir-dataset-v2\normal-pylorus\ebaa74f4-a586-4efb-b035-4dbfc84b67a5.jpg,normal-pylorus,normal-pylorus,0.9664
..\Datasets\kvasir-dataset-v2\normal-cecum\25cebc87-8de9-4b33-b7d3-94d12d134b6c.jpg,normal-cecum,normal-cecum,0.6382
..\Datasets\kvasir-dataset-v2\dyed-lifted-polyps\4662b9c6-b6b4-4176-ab39-3a7a4024b890.jpg,dyed-lifted-polyps,dyed-lifted-polyps,0.7832
..\Datasets\kvasir-dataset-v2\polyps\3bc8a606-14b6-4c25-b4b8-af207938c5d5.jpg,polyps,normal-cecum,0.8143
..\Datasets\kvasir-dataset-v2\normal-z-line\2aa4505e-3164-4f65-93d8-522b1368a132.jpg,normal-z-line,normal-z-line,0.5132
..\Datasets\kvasir-dataset-v2\esophagitis\0cbddd47-c7f6-474b-9e9a-b5d2429a2312.jpg,esophagitis,esophagitis,0.8442
..\Datasets\kvasir-dataset-v2\esophagitis\55d75d8a-c744-4db3-9776-f88ca27b6dfe.jpg,esophagitis,esophagitis,0.7714
..\Datasets\kvasir-dataset-v2\dyed-resection-margins\344618e8-9e33-436c-88bc-b01256f64b99.jpg,dyed-resection-margins,dyed-resection-margins,0.5144
..\Datasets\kvasir-dataset-v2\dyed-lifted-polyps\e9d68424-b19a-4bfd-b763-b89892d16c22.jpg,dyed-lifted-polyps,dyed-lifted-polyps,0.8137
..\Datasets\kvasir-dataset-v2\ulcerative-colitis\b49d8030-700d-410f-a20e-66167a829449.jpg,ulcerative-colitis,ulcerative-colitis,0.7776
..\Datasets\kvasir-dataset-v2\normal-z-line\5f8a0e10-e7fe-49fa-9e82-21a505392fd6.jpg,normal-z-line,normal-z-line,0.7940
..\Datasets\kvasir-dataset-v2\normal-pylorus\ae37c066-efe4-4589-9dda-7990ed79bbe6.jpg,normal-pylorus,normal-pylorus,0.8545
..\Datasets\kvasir-dataset-v2\polyps\d5ebe505-da7f-49f2-af03-693878673b23.jpg,polyps,polyps,0.7320
..\Datasets\kvasir-dataset-v2\ulcerative-colitis\761fffc8-bc50-4dd9-a91f-90fc5a963e04.jpg,ulcerative-colitis,ulcerative-colitis,0.9854
..\Datasets\kvasir-dataset-v2\normal-pylorus\0dd2a5c0-777a-4add-8956-8c3d6e851cc1.jpg,normal-pylorus,normal-pylorus,0.8396
..\Datasets\kvasir-dataset-v2\polyps\35e499ef-8251-4f7c-93c2-f93fd6c18ecf.jpg,polyps,polyps,0.5407
..\Datasets\kvasir-dataset-v2\normal-cecum\8e5d6f5f-0f0c-4ac9-9a5d-ff3278136ae3.jpg,normal-cecum,normal-cecum,0.9536
..\Datasets\kvasir-dataset-v2\dyed-lifted-polyps\18fdc8a2-3c2a-4557-8de9-0cdb99932e76.jpg,dyed-lifted-polyps,ulcerative-colitis,0.2762
..\Datasets\kvasir-dataset-v2\polyps\6ab6061b-7793-4cb0-a9e4-545a6d62aa9a.jpg,polyps,polyps,0.8395
..\Datasets\kvasir-dataset-v2\dyed-resection-margins\78454e0a-749f-4421-9d85-be96117bfb98.jpg,dyed-resection-margins,dyed-lifted-polyps,0.8797
..\Datasets\kvasir-dataset-v2\normal-pylorus\cc0e2ccd-52dd-4182-bc87-9fcba927bd0a.jpg,normal-pylorus,normal-pylorus,0.9952
..\Datasets\kvasir-dataset-v2\dyed-resection-margins\995ee031-9a2c-4568-87e3-269b8bb7db1e.jpg,dyed-resection-margins,dyed-resection-margins,0.8187
..\Datasets\kvasir-dataset-v2\dyed-resection-margins\400af79d-4386-4d62-b755-94acc38f1d3b.jpg,dyed-resection-margins,dyed-resection-margins,0.9446
..\Datasets\kvasir-dataset-v2\dyed-resection-margins\768c1b5b-f860-4bda-9857-90c02fab9f1c.jpg,dyed-resection-margins,dyed-resection-margins,0.9844
..\Datasets\kvasir-dataset-v2\dyed-lifted-polyps\aa3978e4-6885-4919-88bc-bede64743e00.jpg,dyed-lifted-polyps,dyed-lifted-polyps,0.7559
..\Datasets\kvasir-dataset-v2\normal-cecum\00b99f19-2c31-4c7c-931a-4c3b38d70d1a.jpg,normal-cecum,normal-cecum,0.8290
..\Datasets\kvasir-dataset-v2\esophagitis\4b111183-1427-42a5-82dc-f524b1c582e2.jpg,esophagitis,esophagitis,0.6517
..\Datasets\kvasir-dataset-v2\ulcerative-colitis\2660ee2b-a6cb-48f0-a121-b1b262d75e15.jpg,ulcerative-colitis,ulcerative-colitis,0.5716
..\Datasets\kvasir-dataset-v2\normal-cecum\3a31a627-3244-4534-b25e-2e25b944e365.jpg,normal-cecum,normal-cecum,0.9235
..\Datasets\kvasir-dataset-v2\ulcerative-colitis\b090985b-6d12-4087-b9c6-7ba0d33de35e.jpg,ulcerative-colitis,ulcerative-colitis,0.5776
..\Datasets\kvasir-dataset-v2\esophagitis\8de2192c-f0e8-46ad-8162-18f5b27d206f.jpg,esophagitis,normal-z-line,0.7925
..\Datasets\kvasir-dataset-v2\ulcerative-colitis\3cd6e179-24ec-4658-a17c-aa64049e9bf4.jpg,ulcerative-colitis,ulcerative-colitis,0.9149
..\Datasets\kvasir-dataset-v2\dyed-lifted-polyps\3124302b-9fe9-46f4-a346-f1e6945872d2.jpg,dyed-lifted-polyps,dyed-lifted-polyps,0.4539
..\Datasets\kvasir-dataset-v2\dyed-resection-margins\6504ae8d-7ebd-4332-b577-e3e197d7dc78.jpg,dyed-resection-margins,dyed-resection-margins,0.9572
..\Datasets\kvasir-dataset-v2\normal-cecum\1252b352-50d0-4b13-a827-9df06cd43607.jpg,normal-cecum,normal-cecum,0.8285
..\Datasets\kvasir-dataset-v2\polyps\835427a2-ec14-4693-a32b-58bfe8a7c9ff.jpg,polyps,polyps,0.9217
..\Datasets\kvasir-dataset-v2\dyed-lifted-polyps\264f989f-cc29-4f56-b8ec-49e09fb8e7b9.jpg,dyed-lifted-polyps,dyed-lifted-polyps,0.5048
..\Datasets\kvasir-dataset-v2\esophagitis\a930d15f-678c-46e7-8c80-f5987c14e94b.jpg,esophagitis,esophagitis,0.9767
..\Datasets\kvasir-dataset-v2\dyed-lifted-polyps\46c77000-41c4-4bea-b252-6fa56cdb70e9.jpg,dyed-lifted-polyps,dyed-lifted-polyps,0.4436
..\Datasets\kvasir-dataset-v2\normal-z-line\851d921c-2db7-48d8-92b4-8ba29ae8fc50.jpg,normal-z-line,esophagitis,0.6790
..\Datasets\kvasir-dataset-v2\polyps\8e552d32-e5f4-49be-bccd-2a15ec80d430.jpg,polyps,polyps,0.5685
..\Datasets\kvasir-dataset-v2\dyed-lifted-polyps\66eb8888-a893-4b60-a34d-ab2d4a8a1979.jpg,dyed-lifted-polyps,dyed-lifted-polyps,0.7072
..\Datasets\kvasir-dataset-v2\dyed-lifted-polyps\3582c4b5-ee69-40dc-9f92-8351cfdfe793.jpg,dyed-lifted-polyps,dyed-lifted-polyps,0.7842
..\Datasets\kvasir-dataset-v2\polyps\8da061c0-686e-4e07-8c56-2df2580befed.jpg,polyps,polyps,0.7427
..\Datasets\kvasir-dataset-v2\normal-z-line\af962c94-b43b-4774-a1e5-bf467a9a9b59.jpg,normal-z-line,normal-z-line,0.4864
..\Datasets\kvasir-dataset-v2\dyed-lifted-polyps\d8b20ba6-a92a-40bc-a024-85903be795f9.jpg,dyed-lifted-polyps,dyed-lifted-polyps,0.6149
..\Datasets\kvasir-dataset-v2\normal-pylorus\ceb6dbef-06b7-4252-a5cb-d345b73a6c4e.jpg,normal-pylorus,normal-pylorus,0.9943
..\Datasets\kvasir-dataset-v2\dyed-lifted-polyps\6f722933-99c0-416e-9740-7da4b76759e5.jpg,dyed-lifted-polyps,normal-cecum,0.4611
..\Datasets\kvasir-dataset-v2\polyps\3100da01-dc7f-4523-92c6-a08d714f4387.jpg,polyps,polyps,0.7780
..\Datasets\kvasir-dataset-v2\dyed-resection-margins\fe99460f-7ca1-441a-b210-fb10467f4083.jpg,dyed-resection-margins,dyed-resection-margins,0.7981
..\Datasets\kvasir-dataset-v2\ulcerative-colitis\eae23425-ee5a-4838-99bd-9f6e078e3df3.jpg,ulcerative-colitis,ulcerative-colitis,0.9354
..\Datasets\kvasir-dataset-v2\normal-z-line\d4122150-9650-4d82-95de-3c9744bf4512.jpg,normal-z-line,normal-z-line,0.9293
..\Datasets\kvasir-dataset-v2\polyps\ecb85f08-2d3e-451e-bde2-5345ea75fcb4.jpg,polyps,polyps,0.7965
..\Datasets\kvasir-dataset-v2\normal-z-line\65c2d5a7-53d4-4b06-bd01-da971d073f18.jpg,normal-z-line,normal-z-line,0.9358
..\Datasets\kvasir-dataset-v2\dyed-lifted-polyps\8cdf4232-e4a5-428a-871f-67758c041cbb.jpg,dyed-lifted-polyps,dyed-lifted-polyps,0.7854
..\Datasets\kvasir-dataset-v2\dyed-lifted-polyps\1392de5a-9a8d-4400-9236-d4734d9ebd2c.jpg,dyed-lifted-polyps,dyed-lifted-polyps,0.9142
..\Datasets\kvasir-dataset-v2\ulcerative-colitis\9e53bd44-d127-4fcf-a4a7-f4cc9a3e2a24.jpg,ulcerative-colitis,ulcerative-colitis,0.9654
..\Datasets\kvasir-dataset-v2\dyed-resection-margins\4e56f8b5-e979-489b-94b6-e497dbbe4295.jpg,dyed-resection-margins,dyed-lifted-polyps,0.6137
..\Datasets\kvasir-dataset-v2\ulcerative-colitis\ebe4d170-205a-429f-a21d-aae65f02526f.jpg,ulcerative-colitis,ulcerative-colitis,0.8164
..\Datasets\kvasir-dataset-v2\ulcerative-colitis\646ce4e9-fa7e-41bc-8d8f-9a27ab2ac6fe.jpg,ulcerative-colitis,ulcerative-colitis,0.8905
..\Datasets\kvasir-dataset-v2\normal-z-line\d767b267-3cbc-42c0-8935-8034dc2598d9.jpg,normal-z-line,normal-z-line,0.6902
..\Datasets\kvasir-dataset-v2\esophagitis\194ab026-d45a-489f-936e-dfcf3a347434.jpg,esophagitis,normal-z-line,0.9317
..\Datasets\kvasir-dataset-v2\dyed-resection-margins\e4181088-600a-4598-830a-0dab961dcc16.jpg,dyed-resection-margins,dyed-resection-margins,0.6283
..\Datasets\kvasir-dataset-v2\dyed-resection-margins\386c1e54-286f-46e0-80a2-c9c5d1fd7d70.jpg,dyed-resection-margins,dyed-resection-margins,0.9355
..\Datasets\kvasir-dataset-v2\ulcerative-colitis\a3e1d924-cb24-4ae5-8f28-db6d4a2eaf77.jpg,ulcerative-colitis,normal-cecum,0.4594
..\Datasets\kvasir-dataset-v2\ulcerative-colitis\377ec6e0-1444-4bdc-b6f9-2bd5b29e65dc.jpg,ulcerative-colitis,ulcerative-colitis,0.9897
..\Datasets\kvasir-dataset-v2\normal-pylorus\b9726a70-6e02-4907-8f3a-4b8b0285d41c.jpg,normal-pylorus,normal-pylorus,0.9256
..\Datasets\kvasir-dataset-v2\ulcerative-colitis\a084d79f-b832-4930-b5c9-73e00bb29012.jpg,ulcerative-colitis,ulcerative-colitis,0.9861
..\Datasets\kvasir-dataset-v2\esophagitis\30f0d072-f53a-4dbe-8d96-5d5b9d0e9e43.jpg,esophagitis,normal-pylorus,0.4244
..\Datasets\kvasir-dataset-v2\polyps\1ae8de54-27c5-488b-9d11-da2fadbec579.jpg,polyps,polyps,0.6007
..\Datasets\kvasir-dataset-v2\ulcerative-colitis\e9ec7d1b-e235-492b-93a5-33d7cb46e364.jpg,ulcerative-colitis,ulcerative-colitis,0.9191
..\Datasets\kvasir-dataset-v2\normal-z-line\2009000b-fbc8-4351-84e6-4ac1aecea3db.jpg,normal-z-line,normal-z-line,0.6558
..\Datasets\kvasir-dataset-v2\esophagitis\f8e85ccc-d01c-4ee5-b3cc-53eeffb70b34.jpg,esophagitis,normal-z-line,0.4814
..\Datasets\kvasir-dataset-v2\normal-pylorus\8a51742e-6308-4511-aedd-5d538f9feec9.jpg,normal-pylorus,normal-pylorus,0.8362
..\Datasets\kvasir-dataset-v2\ulcerative-colitis\ce143cf5-4cdf-4645-9bba-ef8a026c9409.jpg,ulcerative-colitis,polyps,0.7032
..\Datasets\kvasir-dataset-v2\normal-pylorus\40aae937-a28e-437e-8357-cf2ed5e13f51.jpg,normal-pylorus,normal-pylorus,0.9891
..\Datasets\kvasir-dataset-v2\esophagitis\4152c0a4-db41-49a1-97ab-dae35b6c7226.jpg,esophagitis,normal-z-line,0.7460
..\Datasets\kvasir-dataset-v2\dyed-resection-margins\92cc05cf-3655-4bd9-85d1-d863884b7d9a.jpg,dyed-resection-margins,dyed-resection-margins,0.8913
..\Datasets\kvasir-dataset-v2\esophagitis\448fe4c5-3828-4b16-b19c-96c36fafe375.jpg,esophagitis,esophagitis,0.7480
..\Datasets\kvasir-dataset-v2\normal-cecum\6ff201b7-5e71-456c-ae31-727d7fedb98f.jpg,normal-cecum,normal-cecum,0.8390
..\Datasets\kvasir-dataset-v2\dyed-lifted-polyps\4471f752-22d1-4999-a658-849bfec6ea6f.jpg,dyed-lifted-polyps,dyed-lifted-polyps,0.9801
..\Datasets\kvasir-dataset-v2\dyed-resection-margins\9fe166cf-20a8-43d7-956f-065ddc53896f.jpg,dyed-resection-margins,dyed-resection-margins,0.8472
..\Datasets\kvasir-dataset-v2\dyed-lifted-polyps\9ae430b7-7fcd-454e-9da3-25e1b0a125d0.jpg,dyed-lifted-polyps,dyed-lifted-polyps,0.7581
..\Datasets\kvasir-dataset-v2\polyps\1f66a93c-0d79-476e-a916-621789093e0c.jpg,polyps,polyps,0.4311
..\Datasets\kvasir-dataset-v2\dyed-lifted-polyps\502d944d-ef30-49f8-ba03-e004fe6ee3a1.jpg,dyed-lifted-polyps,dyed-resection-margins,0.5167
..\Datasets\kvasir-dataset-v2\polyps\79bb3d49-7c57-4812-a5f3-2446e34ebaf9.jpg,polyps,polyps,0.7457
..\Datasets\kvasir-dataset-v2\normal-cecum\fcfc6589-cb35-4848-a667-6be1dc08940a.jpg,normal-cecum,normal-cecum,0.9443
..\Datasets\kvasir-dataset-v2\dyed-lifted-polyps\0939742b-5839-4903-9f01-b1c331383987.jpg,dyed-lifted-polyps,dyed-lifted-polyps,0.8626
..\Datasets\kvasir-dataset-v2\normal-cecum\71dbc49a-6343-4a9f-8851-24e4be10094a.jpg,normal-cecum,normal-cecum,0.8167
..\Datasets\kvasir-dataset-v2\dyed-resection-margins\2431034c-f6e2-48af-9f81-c16681ab7654.jpg,dyed-resection-margins,dyed-lifted-polyps,0.5351
..\Datasets\kvasir-dataset-v2\polyps\c7246fd5-2e6a-47ae-821a-217f43b674a6.jpg,polyps,polyps,0.8032
..\Datasets\kvasir-dataset-v2\ulcerative-colitis\1345041f-914b-4033-b213-f4507d9b569c.jpg,ulcerative-colitis,ulcerative-colitis,0.9868
..\Datasets\kvasir-dataset-v2\normal-pylorus\d7801aa5-6e67-496f-b8ab-651f930c203b.jpg,normal-pylorus,normal-pylorus,0.9999
..\Datasets\kvasir-dataset-v2\dyed-lifted-polyps\73932b1b-fd8d-48bd-a788-efd3b7f7409b.jpg,dyed-lifted-polyps,dyed-lifted-polyps,0.9420
..\Datasets\kvasir-dataset-v2\normal-z-line\2fdf9568-dce3-4939-a43b-307177ecaa13.jpg,normal-z-line,normal-z-line,0.8412
..\Datasets\kvasir-dataset-v2\dyed-resection-margins\8a32fa44-6ed6-476c-b9e8-9ef2c3dbdd0d.jpg,dyed-resection-margins,dyed-resection-margins,0.6872
..\Datasets\kvasir-dataset-v2\dyed-lifted-polyps\9160798d-1ed3-4b1c-a708-2fb262630cb7.jpg,dyed-lifted-polyps,dyed-lifted-polyps,0.7979
..\Datasets\kvasir-dataset-v2\ulcerative-colitis\518f121f-541d-4bc3-9f69-09b9e9a70109.jpg,ulcerative-colitis,ulcerative-colitis,0.9927
..\Datasets\kvasir-dataset-v2\normal-pylorus\7ca978f1-93fe-4ea6-8a94-106f48c8e01a.jpg,normal-pylorus,normal-pylorus,0.8284
..\Datasets\kvasir-dataset-v2\polyps\a3ae5995-bc70-4648-8002-dcd9add77762.jpg,polyps,polyps,0.9266
..\Datasets\kvasir-dataset-v2\polyps\4759316a-e4ed-455f-bdef-3228afd10f53.jpg,polyps,polyps,0.5375
..\Datasets\kvasir-dataset-v2\ulcerative-colitis\584f1fa0-9bb9-49d3-b412-c42819d0a200_00001360.jpg,ulcerative-colitis,ulcerative-colitis,0.9904
..\Datasets\kvasir-dataset-v2\ulcerative-colitis\e6f527c2-fa7d-4b88-a968-f7b3469ef06c.jpg,ulcerative-colitis,ulcerative-colitis,0.4344
..\Datasets\kvasir-dataset-v2\esophagitis\6affa2ff-6cf0-4702-ade6-6d02c85e4d43.jpg,esophagitis,esophagitis,0.8166
..\Datasets\kvasir-dataset-v2\normal-cecum\ae4a6a20-cc3f-4e91-884f-0b5dc21001d3.jpg,normal-cecum,normal-cecum,0.8824
..\Datasets\kvasir-dataset-v2\dyed-lifted-polyps\d19d336e-2b12-4692-a2d9-e429882b91b8.jpg,dyed-lifted-polyps,dyed-lifted-polyps,0.7814
..\Datasets\kvasir-dataset-v2\dyed-lifted-polyps\46013e17-dfcf-4ca8-a2b0-b83fb5da0501.jpg,dyed-lifted-polyps,dyed-lifted-polyps,0.7712
..\Datasets\kvasir-dataset-v2\normal-z-line\ee207d34-2a52-4290-9647-61b4b1021d3b.jpg,normal-z-line,esophagitis,0.7804
..\Datasets\kvasir-dataset-v2\ulcerative-colitis\018962bd-e536-404b-854e-6836abd8b5c8.jpg,ulcerative-colitis,ulcerative-colitis,0.6882
..\Datasets\kvasir-dataset-v2\normal-pylorus\3e2788e4-9048-49c7-b8c2-252cd42dcd26.jpg,normal-pylorus,normal-pylorus,0.9736
..\Datasets\kvasir-dataset-v2\normal-pylorus\8e9dcc80-d7aa-4ff2-af07-0bba7c0c7479.jpg,normal-pylorus,normal-pylorus,0.9984
..\Datasets\kvasir-dataset-v2\dyed-lifted-polyps\22fe9ac9-68c0-4344-91dd-12495657d17a.jpg,dyed-lifted-polyps,dyed-resection-margins,0.8909
..\Datasets\kvasir-dataset-v2\ulcerative-colitis\9a659d5d-d3c9-4724-986c-a52a8832ea8e.jpg,ulcerative-colitis,ulcerative-colitis,0.6656
..\Datasets\kvasir-dataset-v2\polyps\c4795082-af93-411e-85b5-b7d70f763765.jpg,polyps,normal-cecum,0.4381
..\Datasets\kvasir-dataset-v2\normal-z-line\dc9b693e-e9f6-45a0-a593-3c1482f45f70.jpg,normal-z-line,normal-z-line,0.8569
..\Datasets\kvasir-dataset-v2\dyed-resection-margins\d623b258-1f04-40b6-95a6-3e545b5d23ad.jpg,dyed-resection-margins,dyed-resection-margins,0.8538
..\Datasets\kvasir-dataset-v2\normal-cecum\029c1dcc-3081-4382-bfb4-85f0ed69c04c.jpg,normal-cecum,normal-cecum,0.9210
..\Datasets\kvasir-dataset-v2\normal-z-line\1f031a07-c11f-4cdd-96b8-01ee18b65909.jpg,normal-z-line,normal-z-line,0.7051
..\Datasets\kvasir-dataset-v2\polyps\60acb549-ebed-4cb6-bcbc-e2ed16c14172.jpg,polyps,polyps,0.5193
..\Datasets\kvasir-dataset-v2\dyed-resection-margins\90d76564-923d-4f7a-8552-2205f9b95909.jpg,dyed-resection-margins,dyed-resection-margins,0.7400
..\Datasets\kvasir-dataset-v2\polyps\d3ef1d79-8962-441a-96d1-00c3b8016c00.jpg,polyps,polyps,0.5950
..\Datasets\kvasir-dataset-v2\normal-z-line\d08203a8-8b74-4477-92b7-9724a0332f46.jpg,normal-z-line,normal-z-line,0.5336
..\Datasets\kvasir-dataset-v2\dyed-resection-margins\bac98c43-6e7e-4287-92de-119100adf1de.jpg,dyed-resection-margins,dyed-resection-margins,0.5205
..\Datasets\kvasir-dataset-v2\ulcerative-colitis\9625b393-0496-41bc-a829-8d7d7edd3d37.jpg,ulcerative-colitis,ulcerative-colitis,0.7425
..\Datasets\kvasir-dataset-v2\esophagitis\9d1f6229-130d-411b-9344-e0db077e5a6e.jpg,esophagitis,normal-z-line,0.7194
..\Datasets\kvasir-dataset-v2\polyps\a79dbd3a-74d8-4775-8aa8-2adef0a8b65c.jpg,polyps,polyps,0.6092
..\Datasets\kvasir-dataset-v2\polyps\524e6499-363b-411a-b6ff-669f6d7862bb.jpg,polyps,polyps,0.7748
..\Datasets\kvasir-dataset-v2\ulcerative-colitis\6757df6a-61ce-4086-b181-34d9090ba893.jpg,ulcerative-colitis,ulcerative-colitis,0.9774
..\Datasets\kvasir-dataset-v2\dyed-lifted-polyps\62813fd3-5861-48cf-b686-a2de5ec6833c.jpg,dyed-lifted-polyps,dyed-lifted-polyps,0.7574
..\Datasets\kvasir-dataset-v2\dyed-resection-margins\87f2a46a-976e-4406-a976-b0259b48629a.jpg,dyed-resection-margins,dyed-resection-margins,0.9189
..\Datasets\kvasir-dataset-v2\normal-cecum\951ca7d2-9fac-44b4-a33c-48ba2b7df726.jpg,normal-cecum,normal-cecum,0.5078
..\Datasets\kvasir-dataset-v2\ulcerative-colitis\8085db7c-43c6-44d4-a9ce-01c725288a30.jpg,ulcerative-colitis,ulcerative-colitis,0.5787
..\Datasets\kvasir-dataset-v2\dyed-resection-margins\94aaec39-2b33-4c51-b4f0-11c70f4cd7b5.jpg,dyed-resection-margins,dyed-lifted-polyps,0.6742
..\Datasets\kvasir-dataset-v2\normal-z-line\07aa47ce-3a72-4103-9b12-9e79acb737ba.jpg,normal-z-line,normal-z-line,0.8324
..\Datasets\kvasir-dataset-v2\ulcerative-colitis\fc79c489-b358-4368-b965-330615af73d4_00000332.jpg,ulcerative-colitis,ulcerative-colitis,0.9958
..\Datasets\kvasir-dataset-v2\ulcerative-colitis\2053bb5e-29cd-4e3e-a5ab-2787fe8a7db2.jpg,ulcerative-colitis,ulcerative-colitis,0.6896
..\Datasets\kvasir-dataset-v2\polyps\df82079f-0ee7-4b01-8845-c5c69bc1b8bc.jpg,polyps,polyps,0.8441
..\Datasets\kvasir-dataset-v2\dyed-lifted-polyps\ff1a6bd9-bb81-4a17-b396-fa1130635dc9.jpg,dyed-lifted-polyps,dyed-lifted-polyps,0.9163
..\Datasets\kvasir-dataset-v2\polyps\78b57147-08df-4fff-b12f-6d42577e6e84.jpg,polyps,polyps,0.5635
..\Datasets\kvasir-dataset-v2\normal-z-line\3e35278b-ebbc-4f84-8307-cf63b60d9ac7.jpg,normal-z-line,normal-z-line,0.6082
..\Datasets\kvasir-dataset-v2\normal-pylorus\bbb34362-19da-43ca-b6b4-ebc5fe21b450.jpg,normal-pylorus,normal-pylorus,0.7414
..\Datasets\kvasir-dataset-v2\dyed-lifted-polyps\c1de6db9-ce15-458d-97d6-4c1084ad85ef.jpg,dyed-lifted-polyps,dyed-lifted-polyps,0.5277
..\Datasets\kvasir-dataset-v2\normal-z-line\1fcda645-9cc8-4cb5-bf73-1caf21ac6f08.jpg,normal-z-line,normal-z-line,0.9640
..\Datasets\kvasir-dataset-v2\normal-pylorus\a9faa6ec-f315-4074-b608-baa667204f6f.jpg,normal-pylorus,normal-pylorus,0.9798
..\Datasets\kvasir-dataset-v2\dyed-lifted-polyps\ce738b8c-c389-4db5-82f0-eacced58b152.jpg,dyed-lifted-polyps,dyed-lifted-polyps,0.8768
..\Datasets\kvasir-dataset-v2\dyed-resection-margins\aa0778b3-e251-4042-a800-5774b0bef4a8.jpg,dyed-resection-margins,dyed-resection-margins,0.9583
..\Datasets\kvasir-dataset-v2\normal-z-line\8df94b72-a4e9-4f57-8387-41de82b68797.jpg,normal-z-line,normal-z-line,0.9865
..\Datasets\kvasir-dataset-v2\normal-cecum\1d1593ae-6e02-46de-9d95-9a9e4bd2270b.jpg,normal-cecum,normal-cecum,0.9259
..\Datasets\kvasir-dataset-v2\dyed-lifted-polyps\39e8d8b9-afcc-4c08-84dd-eddc315cba26.jpg,dyed-lifted-polyps,dyed-lifted-polyps,0.8345
..\Datasets\kvasir-dataset-v2\normal-pylorus\2a88818c-62cb-49a2-b9cd-a9f6d56b0641.jpg,normal-pylorus,normal-pylorus,0.9960
..\Datasets\kvasir-dataset-v2\ulcerative-colitis\4c891ec4-5d3a-41dd-9199-b28329919043.jpg,ulcerative-colitis,ulcerative-colitis,0.6602
..\Datasets\kvasir-dataset-v2\polyps\1cb33501-725f-4436-9679-e5293cea339d.jpg,polyps,normal-cecum,0.2935
..\Datasets\kvasir-dataset-v2\esophagitis\0e462695-39fd-45af-b520-fa040e855c48.jpg,esophagitis,esophagitis,0.5186
..\Datasets\kvasir-dataset-v2\polyps\17a3f8db-5fa9-45c5-a3b3-b25a889b833c.jpg,polyps,polyps,0.7823
..\Datasets\kvasir-dataset-v2\polyps\d945c2a7-393b-49b7-a22d-1dd4d09970b8.jpg,polyps,polyps,0.7477
..\Datasets\kvasir-dataset-v2\esophagitis\2be37724-b2fd-4377-adda-2ab6ddfa9c7e.jpg,esophagitis,esophagitis,0.9420
..\Datasets\kvasir-dataset-v2\esophagitis\a933fd53-f554-4687-bda4-27acb3ba8e0c.jpg,esophagitis,esophagitis,0.7295
..\Datasets\kvasir-dataset-v2\normal-z-line\f9ca7584-427d-4a2a-b7ab-d08aa5d08f76.jpg,normal-z-line,normal-z-line,0.5163
..\Datasets\kvasir-dataset-v2\dyed-resection-margins\c921e1cf-e0fa-4d79-bd75-23e568a6a9a1.jpg,dyed-resection-margins,dyed-resection-margins,0.6685
..\Datasets\kvasir-dataset-v2\normal-cecum\cbf1bdd8-4537-49e2-8e03-83227e6e0f8a.jpg,normal-cecum,normal-cecum,0.8218
..\Datasets\kvasir-dataset-v2\esophagitis\8bf51dd5-173b-4b2c-ae3c-ad5ccc2f050f.jpg,esophagitis,normal-z-line,0.5675
..\Datasets\kvasir-dataset-v2\dyed-lifted-polyps\14177494-4eda-4ee2-ba8a-0ffe6033d4e3.jpg,dyed-lifted-polyps,dyed-lifted-polyps,0.8654
..\Datasets\kvasir-dataset-v2\ulcerative-colitis\b774ab3b-05e3-403d-b8ee-6218d88ab702.jpg,ulcerative-colitis,ulcerative-colitis,0.6295
..\Datasets\kvasir-dataset-v2\esophagitis\8f8b5d47-f221-4012-a2dc-e989c8b36ff0.jpg,esophagitis,esophagitis,0.4646
..\Datasets\kvasir-dataset-v2\dyed-resection-margins\9cbf7337-877f-47fe-8ef6-0a643db3715c.jpg,dyed-resection-margins,dyed-resection-margins,0.9887
..\Datasets\kvasir-dataset-v2\polyps\08db6dbc-a49c-4d09-9b3e-911f1b7561ab.jpg,polyps,polyps,0.4936
..\Datasets\kvasir-dataset-v2\normal-cecum\437bc72c-2d70-47b2-bb4e-95d94fbba7ed.jpg,normal-cecum,normal-cecum,0.8509
..\Datasets\kvasir-dataset-v2\esophagitis\e9741710-cc9c-4a8b-9b57-12ddd83b03df.jpg,esophagitis,esophagitis,0.5803
..\Datasets\kvasir-dataset-v2\normal-pylorus\ba622770-46fd-4524-8b8c-f9080e750053.jpg,normal-pylorus,normal-pylorus,0.8784
..\Datasets\kvasir-dataset-v2\normal-z-line\bc13efbf-5250-48ca-92f8-8c0abf69dc36.jpg,normal-z-line,normal-z-line,0.9292
..\Datasets\kvasir-dataset-v2\ulcerative-colitis\4f5825d4-0dd8-4d38-9c78-d710ce65e7a9.jpg,ulcerative-colitis,ulcerative-colitis,0.4029
..\Datasets\kvasir-dataset-v2\esophagitis\9a9d9454-7ccf-4da0-9c33-226b5fe040f9.jpg,esophagitis,esophagitis,0.7226
..\Datasets\kvasir-dataset-v2\esophagitis\19d8c1dd-cb48-45f8-9280-ad57fa43ca0d.jpg,esophagitis,esophagitis,0.6437
..\Datasets\kvasir-dataset-v2\polyps\fef6fc9f-0795-4a71-b99c-841a064e1e57.jpg,polyps,polyps,0.9641
..\Datasets\kvasir-dataset-v2\normal-cecum\4982f08b-975e-4570-8674-eeed7dca5f05.jpg,normal-cecum,normal-cecum,0.8554
..\Datasets\kvasir-dataset-v2\normal-pylorus\cac3e8f2-b742-4f84-b2e9-b86204528be9.jpg,normal-pylorus,normal-pylorus,0.9830
..\Datasets\kvasir-dataset-v2\dyed-resection-margins\8139b8c8-9f5d-413f-abb7-10eba5e52b43.jpg,dyed-resection-margins,polyps,0.4332
..\Datasets\kvasir-dataset-v2\ulcerative-colitis\64edd365-68ed-4c63-9316-4d077810106f.jpg,ulcerative-colitis,ulcerative-colitis,0.8439
..\Datasets\kvasir-dataset-v2\normal-z-line\a65c165d-016d-49f5-ab61-5f4637e8e91e.jpg,normal-z-line,esophagitis,0.7335
..\Datasets\kvasir-dataset-v2\polyps\51a7f7a5-ed3e-4a8a-ba17-992a63811952.jpg,polyps,polyps,0.3937
..\Datasets\kvasir-dataset-v2\dyed-lifted-polyps\dd69634c-fb56-4b10-8d93-520dca4ff061.jpg,dyed-lifted-polyps,dyed-lifted-polyps,0.5424
..\Datasets\kvasir-dataset-v2\ulcerative-colitis\98c763b8-0c8b-400c-8630-128566d091d0.jpg,ulcerative-colitis,ulcerative-colitis,0.9123
..\Datasets\kvasir-dataset-v2\esophagitis\b454fc3f-50ff-4355-ba7c-d96378fee213.jpg,esophagitis,esophagitis,0.6692
..\Datasets\kvasir-dataset-v2\normal-cecum\17b277d1-ffa1-4b77-abc1-75503bea4330.jpg,normal-cecum,normal-cecum,0.8434
..\Datasets\kvasir-dataset-v2\dyed-lifted-polyps\b22efb41-24cb-4daf-9057-0b19742ac42c.jpg,dyed-lifted-polyps,dyed-resection-margins,0.7416
..\Datasets\kvasir-dataset-v2\ulcerative-colitis\b060964b-9db2-41e4-898f-816b72dd95f3.jpg,ulcerative-colitis,ulcerative-colitis,0.7400
..\Datasets\kvasir-dataset-v2\esophagitis\65ea13a3-51a9-4d38-94f6-fe5e64336f48.jpg,esophagitis,normal-z-line,0.6517
..\Datasets\kvasir-dataset-v2\polyps\e811752b-4a20-44ef-ae35-370f1f5056b2.jpg,polyps,polyps,0.8424
..\Datasets\kvasir-dataset-v2\esophagitis\721ca31e-0e78-447e-80d0-276004cb82e8.jpg,esophagitis,esophagitis,0.8470
..\Datasets\kvasir-dataset-v2\normal-cecum\5fcaa233-af5f-41c5-86ec-9f2864fc2c27.jpg,normal-cecum,normal-cecum,0.6645
..\Datasets\kvasir-dataset-v2\polyps\9c57e601-249a-4cf3-b6cf-e150bb678de7.jpg,polyps,polyps,0.9235
..\Datasets\kvasir-dataset-v2\polyps\bd460ead-15a5-4d2a-9720-82e88cbd62d5.jpg,polyps,polyps,0.8320
..\Datasets\kvasir-dataset-v2\normal-cecum\88bac715-dafc-455c-a8ab-f286c1265802.jpg,normal-cecum,normal-cecum,0.7292
..\Datasets\kvasir-dataset-v2\esophagitis\e44efc36-49f0-4dd7-bea8-1b07d21d7063.jpg,esophagitis,esophagitis,0.6888
..\Datasets\kvasir-dataset-v2\esophagitis\79327bea-beb4-4dab-938c-960c1e130d60.jpg,esophagitis,esophagitis,0.8457
..\Datasets\kvasir-dataset-v2\polyps\3a294535-a9d2-4d0f-b98f-0f4d7e5bb1fd.jpg,polyps,polyps,0.5349
..\Datasets\kvasir-dataset-v2\normal-z-line\e11befcf-53c4-46b1-a359-856660d1df46.jpg,normal-z-line,normal-z-line,0.9404
..\Datasets\kvasir-dataset-v2\normal-pylorus\3bf56e13-ef37-48fb-b6c1-a7220c9b3ae5.jpg,normal-pylorus,normal-pylorus,0.9994
..\Datasets\kvasir-dataset-v2\normal-pylorus\fce5ae98-adf0-4d88-970e-ab0695e6cf9e.jpg,normal-pylorus,normal-pylorus,0.9948
..\Datasets\kvasir-dataset-v2\normal-pylorus\c0eb430a-2ffe-4256-9493-4c098cd68ca9.jpg,normal-pylorus,normal-pylorus,0.9473
..\Datasets\kvasir-dataset-v2\normal-pylorus\b77bbb4d-9844-435b-be26-2683b891922f.jpg,normal-pylorus,normal-pylorus,0.8666
..\Datasets\kvasir-dataset-v2\normal-z-line\8437650e-944c-41d5-97b9-5f644af7b1e1.jpg,normal-z-line,normal-z-line,0.9558
..\Datasets\kvasir-dataset-v2\esophagitis\b82ba7d5-35cd-4137-ac9b-2ca5cc45749a.jpg,esophagitis,esophagitis,0.8660
..\Datasets\kvasir-dataset-v2\ulcerative-colitis\ba2a2f89-5c35-4dae-8bf2-39ce8f4757f1.jpg,ulcerative-colitis,polyps,0.5886
..\Datasets\kvasir-dataset-v2\ulcerative-colitis\70888067-8833-434a-b0f0-02a43849ac9b.jpg,ulcerative-colitis,ulcerative-colitis,0.9900
..\Datasets\kvasir-dataset-v2\dyed-lifted-polyps\8547cab1-08f0-41ce-bd6b-b5314996afb2.jpg,dyed-lifted-polyps,dyed-lifted-polyps,0.5678
..\Datasets\kvasir-dataset-v2\esophagitis\d143f5f1-df57-4807-b209-7cb6e5e31098.jpg,esophagitis,esophagitis,0.9602
..\Datasets\kvasir-dataset-v2\dyed-lifted-polyps\fd329ab2-4d54-45ad-8c9b-eabc197b2d61.jpg,dyed-lifted-polyps,polyps,0.4779
..\Datasets\kvasir-dataset-v2\normal-z-line\349ab5ef-1b9f-466e-a3d1-c00421def169.jpg,normal-z-line,normal-z-line,0.8574
..\Datasets\kvasir-dataset-v2\ulcerative-colitis\26fb029f-a618-46b2-b94b-2191601da1dd.jpg,ulcerative-colitis,ulcerative-colitis,0.9821
..\Datasets\kvasir-dataset-v2\ulcerative-colitis\3b9e52de-a724-4160-85c9-b0bf4066f94f.jpg,ulcerative-colitis,ulcerative-colitis,0.9591
..\Datasets\kvasir-dataset-v2\dyed-resection-margins\237981a2-5f8c-48fc-b584-68b16769e8ad.jpg,dyed-resection-margins,dyed-resection-margins,0.8566
..\Datasets\kvasir-dataset-v2\normal-pylorus\f9d2365f-4373-4fb1-9059-27d2b06ca267.jpg,normal-pylorus,normal-pylorus,0.4543
..\Datasets\kvasir-dataset-v2\polyps\db1282ec-ab8f-476c-942c-12801141cf43.jpg,polyps,polyps,0.3727
..\Datasets\kvasir-dataset-v2\ulcerative-colitis\0e0c04ba-343b-4bd4-a108-70cd09b0075c.jpg,ulcerative-colitis,normal-cecum,0.7287
..\Datasets\kvasir-dataset-v2\polyps\1e15c2d6-b6b3-4804-9b84-f8047356e9cb.jpg,polyps,polyps,0.6235
..\Datasets\kvasir-dataset-v2\normal-pylorus\c397e485-fdfe-4926-9e5e-b3ec327cf5b7.jpg,normal-pylorus,normal-pylorus,0.7812
..\Datasets\kvasir-dataset-v2\esophagitis\1f2c3a5e-139e-440b-a170-4317d4f7139f.jpg,esophagitis,esophagitis,0.6855
..\Datasets\kvasir-dataset-v2\polyps\43346c2e-1c00-4858-b37d-39d18fc9c5a4.jpg,polyps,polyps,0.8589
..\Datasets\kvasir-dataset-v2\normal-z-line\e2933573-82a4-4e6c-966a-620c568af36f.jpg,normal-z-line,normal-z-line,0.6479
..\Datasets\kvasir-dataset-v2\dyed-lifted-polyps\1f501658-08bb-4765-87c9-5e1fc6f4f5d6.jpg,dyed-lifted-polyps,dyed-lifted-polyps,0.5932
..\Datasets\kvasir-dataset-v2\normal-pylorus\a3137e5b-6448-4612-aa2b-75c8954a997b.jpg,normal-pylorus,normal-pylorus,0.9931
..\Datasets\kvasir-dataset-v2\normal-cecum\0c192d17-18ae-4731-bbb5-1117b8576466.jpg,normal-cecum,normal-cecum,0.6959
..\Datasets\kvasir-dataset-v2\polyps\5bc46d9b-92f6-4586-bfea-14f7be5e30e2.jpg,polyps,polyps,0.5349
..\Datasets\kvasir-dataset-v2\normal-pylorus\dd8be1a0-e023-4681-8ad6-dbe7f70395f4.jpg,normal-pylorus,normal-pylorus,0.9990
..\Datasets\kvasir-dataset-v2\normal-pylorus\5d70c4b6-c71f-426a-b8da-114df54094b5.jpg,normal-pylorus,normal-pylorus,0.9103
..\Datasets\kvasir-dataset-v2\dyed-lifted-polyps\9e520451-2119-4310-b650-0322ed7aa7c7.jpg,dyed-lifted-polyps,dyed-lifted-polyps,0.4245
..\Datasets\kvasir-dataset-v2\dyed-lifted-polyps\9a312e21-b0be-4262-9f92-6af5ad76ef3c.jpg,dyed-lifted-polyps,dyed-lifted-polyps,0.8735
..\Datasets\kvasir-dataset-v2\esophagitis\3ea886f3-0220-4b8e-ae13-6960a6866846.jpg,esophagitis,esophagitis,0.8949
..\Datasets\kvasir-dataset-v2\dyed-resection-margins\c3057486-53c7-411a-a123-e5b19d11b484.jpg,dyed-resection-margins,dyed-lifted-polyps,0.6115
..\Datasets\kvasir-dataset-v2\normal-z-line\e24f314c-5e8e-4b36-b312-d2b88e395640.jpg,normal-z-line,normal-z-line,0.7708
..\Datasets\kvasir-dataset-v2\dyed-resection-margins\ec40e8a0-8277-4245-a5b1-a912dac236a0.jpg,dyed-resection-margins,dyed-resection-margins,0.7323
..\Datasets\kvasir-dataset-v2\normal-pylorus\90773afc-cf47-4a54-a324-14c14da38f51.jpg,normal-pylorus,normal-pylorus,0.9915
..\Datasets\kvasir-dataset-v2\normal-cecum\0677fde3-e2a1-4b1f-be82-f8328caef75e.jpg,normal-cecum,normal-cecum,0.9705
..\Datasets\kvasir-dataset-v2\polyps\746c187e-9943-41e4-a6e7-1667881b2735.jpg,polyps,polyps,0.9328
..\Datasets\kvasir-dataset-v2\normal-z-line\c73f2f95-8f5e-4ace-8fc8-a493fd959652.jpg,normal-z-line,normal-z-line,0.5601
..\Datasets\kvasir-dataset-v2\polyps\812f948c-c507-4714-acf3-fbee9932bf43.jpg,polyps,polyps,0.9511
..\Datasets\kvasir-dataset-v2\normal-cecum\fc31861e-2a50-4920-90ef-02c8132493b5.jpg,normal-cecum,normal-cecum,0.2566
..\Datasets\kvasir-dataset-v2\normal-z-line\ace847d7-0d13-452f-9c7f-ddfafbc320bc.jpg,normal-z-line,esophagitis,0.7611
..\Datasets\kvasir-dataset-v2\normal-cecum\3cf2b3d3-5fbd-488e-94e1-68bc29936a59.jpg,normal-cecum,normal-cecum,0.8761
..\Datasets\kvasir-dataset-v2\normal-cecum\efe72d05-392b-47f3-ba07-28d5ac8c75a0.jpg,normal-cecum,normal-cecum,0.9289
..\Datasets\kvasir-dataset-v2\normal-z-line\af362605-aabf-46f0-ba71-ba6859b17837.jpg,normal-z-line,normal-z-line,0.8453
..\Datasets\kvasir-dataset-v2\normal-cecum\92bebc84-53c2-4941-9af8-c3a3c5563e29.jpg,normal-cecum,normal-cecum,0.9881
..\Datasets\kvasir-dataset-v2\ulcerative-colitis\e93697e4-f91d-40ea-8edb-b341c2e1ce0c.jpg,ulcerative-colitis,ulcerative-colitis,0.9765
..\Datasets\kvasir-dataset-v2\esophagitis\2b96be6c-d87b-46b7-b7e7-9efcb2dcd04b.jpg,esophagitis,normal-z-line,0.5938
..\Datasets\kvasir-dataset-v2\normal-cecum\e98982ff-2448-48aa-adc6-a7b5aca6b3e7.jpg,normal-cecum,normal-cecum,0.7519
..\Datasets\kvasir-dataset-v2\dyed-lifted-polyps\8cd0e7d2-661f-4de6-8755-ac4b086e7d86.jpg,dyed-lifted-polyps,polyps,0.4589
..\Datasets\kvasir-dataset-v2\normal-z-line\08cf6964-9189-4b0b-8409-02fda37c7034.jpg,normal-z-line,normal-z-line,0.8568
..\Datasets\kvasir-dataset-v2\dyed-lifted-polyps\8d7412fd-1548-4915-a5fb-9359d1ff7ffe.jpg,dyed-lifted-polyps,dyed-lifted-polyps,0.9700
..\Datasets\kvasir-dataset-v2\dyed-lifted-polyps\7432a33e-c4db-48b3-a1fb-0ebb817a3c79.jpg,dyed-lifted-polyps,polyps,0.3593
..\Datasets\kvasir-dataset-v2\normal-cecum\d35bb433-48de-48e6-8821-6bc6a5c614b1.jpg,normal-cecum,normal-cecum,0.7699
..\Datasets\kvasir-dataset-v2\normal-cecum\4a195a48-98d2-4a77-ab04-c74351237e5d.jpg,normal-cecum,normal-cecum,0.5767
..\Datasets\kvasir-dataset-v2\dyed-resection-margins\2c4f056c-a32d-4351-8010-8df189b9918c.jpg,dyed-resection-margins,dyed-resection-margins,0.9086
..\Datasets\kvasir-dataset-v2\ulcerative-colitis\ace0a55a-156b-4bad-8cc1-75b871e557f5.jpg,ulcerative-colitis,ulcerative-colitis,0.9568
..\Datasets\kvasir-dataset-v2\normal-z-line\b21ca6e4-976d-4e55-9ba0-8e369476d48f.jpg,normal-z-line,normal-pylorus,0.5171
..\Datasets\kvasir-dataset-v2\normal-pylorus\d4b1830c-6c66-460b-94e6-c29afca389ad.jpg,normal-pylorus,ulcerative-colitis,0.4748
..\Datasets\kvasir-dataset-v2\dyed-resection-margins\2f720d7d-51d3-4069-a490-10310438b99b.jpg,dyed-resection-margins,dyed-lifted-polyps,0.4956
..\Datasets\kvasir-dataset-v2\ulcerative-colitis\5aeda28c-5259-4e29-ac55-13ee8a48ffc1.jpg,ulcerative-colitis,normal-cecum,0.5054
..\Datasets\kvasir-dataset-v2\esophagitis\18b31242-1f39-4af3-8bcc-77427bf488b3.jpg,esophagitis,esophagitis,0.7539
..\Datasets\kvasir-dataset-v2\normal-cecum\415734d3-695d-47bf-acf1-b7551793ea09.jpg,normal-cecum,normal-cecum,0.8613
..\Datasets\kvasir-dataset-v2\ulcerative-colitis\698f130b-41ff-414d-908c-8d8c0f82d4a8_00000749.jpg,ulcerative-colitis,ulcerative-colitis,0.5527
..\Datasets\kvasir-dataset-v2\ulcerative-colitis\c0f57402-ad88-44e2-a0dc-3f6cbef7a87b.jpg,ulcerative-colitis,ulcerative-colitis,0.3703
..\Datasets\kvasir-dataset-v2\normal-z-line\d45513a6-cd24-4299-acc5-4554126ff53c.jpg,normal-z-line,normal-z-line,0.8432
..\Datasets\kvasir-dataset-v2\normal-cecum\645791b5-2119-4faf-b58c-685624107836.jpg,normal-cecum,normal-cecum,0.8081
..\Datasets\kvasir-dataset-v2\dyed-lifted-polyps\e5959a34-6b52-4053-b047-1d769a138bb9.jpg,dyed-lifted-polyps,dyed-lifted-polyps,0.6261
..\Datasets\kvasir-dataset-v2\dyed-resection-margins\a3f4b512-5e32-4a18-8c91-5f938ae63ea3.jpg,dyed-resection-margins,dyed-resection-margins,0.7414
..\Datasets\kvasir-dataset-v2\normal-pylorus\fbce642b-acd3-4a81-864b-62538fbdce60.jpg,normal-pylorus,normal-pylorus,0.8767
..\Datasets\kvasir-dataset-v2\esophagitis\04ef1ff5-c1d2-4d4d-b000-a78a376361d7.jpg,esophagitis,normal-pylorus,0.6495
..\Datasets\kvasir-dataset-v2\esophagitis\cf22c0c7-3200-444a-a35d-ed2cfcedc9c6.jpg,esophagitis,esophagitis,0.8922
..\Datasets\kvasir-dataset-v2\dyed-resection-margins\32fac3fd-105e-4eee-9226-f0fb9181c862.jpg,dyed-resection-margins,dyed-resection-margins,0.9632
..\Datasets\kvasir-dataset-v2\ulcerative-colitis\d0c95e7e-ce84-4c6b-9f16-b9fdfad75002.jpg,ulcerative-colitis,ulcerative-colitis,0.5705
..\Datasets\kvasir-dataset-v2\dyed-resection-margins\f96b3535-d87c-4061-aabc-9acfffed03db.jpg,dyed-resection-margins,dyed-resection-margins,0.9743
..\Datasets\kvasir-dataset-v2\polyps\1858f55c-b3a5-4554-891e-a63143121bf5.jpg,polyps,polyps,0.7944
..\Datasets\kvasir-dataset-v2\dyed-resection-margins\fe307882-88c1-40bf-bccb-b015507261ca.jpg,dyed-resection-margins,dyed-resection-margins,0.5985
..\Datasets\kvasir-dataset-v2\esophagitis\17265e7c-4391-43db-8b7f-765b9ba4719a.jpg,esophagitis,normal-z-line,0.5691
..\Datasets\kvasir-dataset-v2\esophagitis\8fb8e756-8827-4673-a83b-ed4092461131.jpg,esophagitis,normal-z-line,0.5618
..\Datasets\kvasir-dataset-v2\dyed-resection-margins\03599f6c-264e-4d4a-9981-3d5de2c14c18.jpg,dyed-resection-margins,dyed-resection-margins,0.9394
..\Datasets\kvasir-dataset-v2\ulcerative-colitis\a1b7888d-ab21-48b1-85ce-6a01bb228405.jpg,ulcerative-colitis,ulcerative-colitis,0.4337
..\Datasets\kvasir-dataset-v2\normal-z-line\2f851db5-2a85-466f-843b-6029b9fcbd16.jpg,normal-z-line,normal-z-line,0.5435
..\Datasets\kvasir-dataset-v2\ulcerative-colitis\cd1e4ade-2f94-45a9-be6b-7fef4308182a.jpg,ulcerative-colitis,ulcerative-colitis,0.9417
..\Datasets\kvasir-dataset-v2\esophagitis\9001e0be-4a49-44f1-ac4b-19e369c1bf99.jpg,esophagitis,esophagitis,0.7805
..\Datasets\kvasir-dataset-v2\normal-pylorus\6d32ace1-ab3f-44a5-8d46-c238209b6a09.jpg,normal-pylorus,normal-pylorus,0.8832
..\Datasets\kvasir-dataset-v2\normal-z-line\2be81e7b-fae7-45ed-b2b2-60558133f020.jpg,normal-z-line,esophagitis,0.5630
..\Datasets\kvasir-dataset-v2\normal-z-line\df95a92d-bfdd-436c-a785-c6329459b4bb.jpg,normal-z-line,normal-z-line,0.6697
..\Datasets\kvasir-dataset-v2\polyps\63f328f3-1af4-4952-ac46-a0291c7f9133.jpg,polyps,polyps,0.6138
..\Datasets\kvasir-dataset-v2\dyed-lifted-polyps\56578a66-5975-4255-9333-f801e21c1d0c.jpg,dyed-lifted-polyps,dyed-lifted-polyps,0.8612
..\Datasets\kvasir-dataset-v2\dyed-resection-margins\254ed36c-9ac6-402b-b447-cf9df8abb310.jpg,dyed-resection-margins,dyed-resection-margins,0.8904
..\Datasets\kvasir-dataset-v2\dyed-resection-margins\2e8d8e4c-a91d-4ffe-bba9-48abfacb6c42.jpg,dyed-resection-margins,dyed-lifted-polyps,0.3239
..\Datasets\kvasir-dataset-v2\normal-pylorus\d76fe3e0-db76-42fb-b21a-cf3f92d00a4b.jpg,normal-pylorus,normal-pylorus,0.9996
..\Datasets\kvasir-dataset-v2\normal-pylorus\d155daad-fb1f-4926-a0d9-6bf236b87e40.jpg,normal-pylorus,normal-pylorus,0.9753
..\Datasets\kvasir-dataset-v2\esophagitis\9ee929de-a938-4b48-ac3c-a68bd092fa7d.jpg,esophagitis,normal-pylorus,0.5344
..\Datasets\kvasir-dataset-v2\dyed-resection-margins\16ce4c26-8983-46cc-be67-43f809211334.jpg,dyed-resection-margins,normal-cecum,0.5309
..\Datasets\kvasir-dataset-v2\ulcerative-colitis\b47af04f-a7cf-4700-abd2-65e4be5ca694.jpg,ulcerative-colitis,ulcerative-colitis,0.6799
..\Datasets\kvasir-dataset-v2\normal-z-line\3af23856-8713-4ac6-a648-6730175516e6.jpg,normal-z-line,normal-z-line,0.5334
..\Datasets\kvasir-dataset-v2\esophagitis\ad10b94c-a69f-4f4a-8514-4860c4173434.jpg,esophagitis,esophagitis,0.3827
..\Datasets\kvasir-dataset-v2\dyed-resection-margins\1a0744b2-290b-49e0-a5cc-9fd2083eae4d.jpg,dyed-resection-margins,dyed-resection-margins,0.9565
..\Datasets\kvasir-dataset-v2\dyed-resection-margins\6c21d369-a84b-425e-a762-4b714806384d.jpg,dyed-resection-margins,normal-cecum,0.5234
..\Datasets\kvasir-dataset-v2\normal-cecum\46803d78-c875-4d56-8b44-7e1e9abd27e1.jpg,normal-cecum,normal-cecum,0.7463
..\Datasets\kvasir-dataset-v2\normal-z-line\e9e2b847-7deb-488a-8a09-948b9f3bc31c.jpg,normal-z-line,normal-z-line,0.5821
..\Datasets\kvasir-dataset-v2\esophagitis\40ce6828-3268-4ce1-a2bc-bde9acf0a97b.jpg,esophagitis,normal-z-line,0.5948
..\Datasets\kvasir-dataset-v2\normal-pylorus\b96a8420-729a-42a5-a133-dc41e72f84be.jpg,normal-pylorus,normal-pylorus,0.9500
..\Datasets\kvasir-dataset-v2\ulcerative-colitis\4bfb4aa0-413a-4c46-8822-e440761a64c2.jpg,ulcerative-colitis,ulcerative-colitis,0.9757
..\Datasets\kvasir-dataset-v2\normal-z-line\c3711668-396a-42f4-a5c0-7652cfe3fd8b.jpg,normal-z-line,normal-z-line,0.9584
..\Datasets\kvasir-dataset-v2\polyps\4e0b851c-0df5-4f72-bbe3-3b2274e6dc9b.jpg,polyps,polyps,0.7380
..\Datasets\kvasir-dataset-v2\polyps\42ce4fa0-67b5-4478-8099-da4192a58e1c.jpg,polyps,polyps,0.9015
..\Datasets\kvasir-dataset-v2\normal-pylorus\c9e35a9e-d63d-46e1-843b-693a0031b5ed.jpg,normal-pylorus,normal-pylorus,0.9839
..\Datasets\kvasir-dataset-v2\dyed-lifted-polyps\2a8653ef-4918-43bf-8c88-88072f57a475.jpg,dyed-lifted-polyps,dyed-lifted-polyps,0.4350
..\Datasets\kvasir-dataset-v2\esophagitis\1d565a68-eb55-4356-8c64-7351a8625a60.jpg,esophagitis,esophagitis,0.4863
..\Datasets\kvasir-dataset-v2\polyps\0fdad732-9024-4f7a-b31b-4d46165f7ba3.jpg,polyps,polyps,0.7131
..\Datasets\kvasir-dataset-v2\normal-cecum\b31a71e5-95a9-423b-9c7c-755593fed3d9.jpg,normal-cecum,ulcerative-colitis,0.6050
..\Datasets\kvasir-dataset-v2\normal-cecum\9b5b4ae6-ad01-41da-bd5c-539bd868a192.jpg,normal-cecum,normal-cecum,0.5812
..\Datasets\kvasir-dataset-v2\dyed-lifted-polyps\581cc0f6-ab07-43c2-91e5-859b0ef61676.jpg,dyed-lifted-polyps,dyed-lifted-polyps,0.5511
..\Datasets\kvasir-dataset-v2\dyed-lifted-polyps\36399937-0128-4235-aab8-28f59dad57fe.jpg,dyed-lifted-polyps,dyed-lifted-polyps,0.6713
..\Datasets\kvasir-dataset-v2\dyed-resection-margins\57e083ca-80a0-4a2c-817a-771121d25516.jpg,dyed-resection-margins,dyed-resection-margins,0.6560
..\Datasets\kvasir-dataset-v2\normal-cecum\02f88968-7b55-468b-ae66-a0458c7d874f.jpg,normal-cecum,normal-cecum,0.7278
..\Datasets\kvasir-dataset-v2\normal-pylorus\70317da7-bb4a-4e8c-abc3-5b464997c3bc.jpg,normal-pylorus,normal-pylorus,0.9949
..\Datasets\kvasir-dataset-v2\normal-cecum\40c08ba9-82c4-40e0-9961-931e0403e087.jpg,normal-cecum,normal-cecum,0.8988
